r1,p1,zs1,ia1,shr1,reg1,r2,p2,zs2,ia2,shr2,reg2,model
3.43,183.17,0.00,25.93,0.00,e,3.37,159.49,-0.21,26.59,0.00,b,0
3.43,145.96,0.00,22.49,0.00,e,3.25,147.39,4.15,22.23,0.00,c,1
3.33,148.42,0.00,21.31,0.00,e,3.35,147.48,1.22,20.89,0.00,e,2
3.53,174.27,0.00,25.90,0.00,e,3.27,153.49,2.78,25.06,0.00,g,3
3.37,159.68,0.00,20.24,0.00,f,3.26,159.35,4.35,19.99,0.00,b,4
3.52,137.73,0.00,10.00,0.00,f,3.49,159.27,-3.16,10.00,0.00,c,5
3.84,159.47,0.00,10.00,0.00,f,3.25,196.83,4.24,12.86,0.00,e,6
3.49,152.37,0.00,22.50,0.00,f,3.37,132.67,1.39,20.68,0.00,g,7
3.25,147.35,0.00,20.82,0.00,g,3.43,145.75,2.80,20.54,0.00,b,8
3.41,144.88,0.00,20.99,0.00,g,3.25,143.66,1.24,20.61,0.00,c,9
3.38,152.24,0.00,21.96,0.00,g,3.26,157.53,-1.74,21.81,0.00,e,10
3.53,150.89,0.00,10.09,0.00,g,3.51,178.47,-0.17,10.44,0.00,g,11
3.34,180.44,0.00,25.31,0.00,e,3.48,155.57,-0.18,25.41,0.00,b,12
3.25,158.76,0.00,21.56,0.00,e,3.41,159.20,4.31,21.32,0.00,c,13
3.25,146.55,0.00,22.38,0.00,e,3.42,147.98,1.26,22.09,0.00,e,14
3.27,156.86,0.00,21.73,0.00,e,3.38,158.96,-1.69,21.72,0.00,g,15
3.32,168.25,0.00,25.61,0.00,f,3.46,149.10,-1.65,25.88,0.00,b,16
3.38,160.93,0.00,20.25,0.00,f,3.25,160.32,2.84,20.06,0.00,c,17
3.41,146.00,0.00,18.85,0.00,f,3.25,141.52,-0.16,18.04,0.00,e,18
3.55,158.55,0.00,27.17,0.00,f,3.25,141.89,1.21,25.53,0.00,g,19
3.33,163.22,0.00,18.74,0.00,g,3.30,160.34,2.93,18.35,0.00,b,20
3.28,144.57,0.00,19.01,0.00,g,3.32,144.05,1.45,18.87,0.00,c,21
3.27,160.47,0.00,21.56,0.00,g,3.41,158.66,-1.78,21.18,0.00,e,22
3.25,159.54,0.00,29.99,0.00,g,3.51,146.31,-0.30,29.99,0.00,g,23
3.26,142.04,0.00,21.66,0.00,e,3.38,144.10,-4.69,21.35,0.00,b,24
3.30,161.15,0.00,20.71,0.00,e,3.34,162.48,4.39,20.49,0.00,c,25
3.54,151.77,0.00,10.06,0.00,e,3.50,182.27,-4.57,10.42,0.00,e,26
3.69,140.43,0.00,10.00,0.00,e,3.33,159.34,2.72,10.89,0.00,g,27
3.44,167.01,0.00,26.38,0.00,f,3.35,147.67,-1.71,26.59,0.00,b,28
3.53,162.72,0.00,10.00,0.00,f,3.50,199.22,-3.03,10.00,0.00,c,29
3.37,147.99,0.00,20.72,0.00,f,3.26,150.23,-0.18,20.38,0.00,e,30
3.37,162.06,0.00,30.00,0.00,f,3.37,149.95,1.20,30.00,0.00,g,31
3.30,128.25,0.00,20.54,0.00,g,3.33,128.37,2.80,20.25,0.00,b,32
3.39,149.18,0.00,20.84,0.00,g,3.25,149.51,1.29,20.54,0.00,c,33
3.47,176.42,0.00,29.93,0.00,g,3.25,160.94,2.66,29.97,0.00,e,34
3.45,145.17,0.00,29.97,0.00,g,3.29,134.90,-0.36,29.78,0.00,g,35
3.40,174.59,0.00,28.05,0.00,e,3.33,157.57,-0.20,28.49,0.00,b,36
3.43,137.05,0.00,27.30,0.00,e,3.36,124.69,-1.77,26.72,0.00,c,37
3.36,150.49,0.00,18.48,0.00,e,3.26,147.94,1.42,18.07,0.00,e,38
3.50,177.60,0.00,27.32,0.00,e,3.26,157.62,2.75,27.01,0.00,g,39
3.37,157.33,0.00,19.90,0.00,f,3.26,156.03,4.37,19.61,0.00,b,40
3.32,167.42,0.00,22.83,0.00,f,3.34,172.25,2.79,22.79,0.00,c,41
3.30,168.39,0.00,20.72,0.00,f,3.35,167.82,-0.17,20.48,0.00,e,42
3.54,139.69,0.00,27.10,0.00,f,3.25,126.74,1.19,27.01,0.00,g,43
3.47,125.97,0.00,26.10,0.00,g,3.25,132.76,2.36,25.96,0.00,b,44
3.39,151.68,0.00,21.31,0.00,g,3.25,152.52,1.27,21.06,0.00,c,45
3.31,147.67,0.00,22.52,0.00,g,3.35,150.66,-1.75,22.17,0.00,e,46
3.38,154.39,0.00,19.92,0.00,g,3.26,152.97,-4.71,19.68,0.00,g,47
3.35,135.19,0.00,18.34,0.00,e,3.25,133.73,-4.58,17.58,0.00,b,48
3.41,158.27,0.00,16.81,0.00,e,3.25,151.57,4.45,16.13,0.00,c,49
3.36,156.47,0.00,21.27,0.00,e,3.28,160.79,1.32,21.13,0.00,e,50
3.52,151.89,0.00,30.00,0.00,e,3.25,141.31,2.53,30.00,0.00,g,51
3.46,158.16,0.00,27.37,0.00,f,3.31,142.17,-1.75,27.34,0.00,b,52
3.38,151.92,0.00,21.98,0.00,f,3.26,155.69,2.77,21.76,0.00,c,53
3.29,143.60,0.00,10.00,0.00,f,3.76,171.30,4.62,10.00,0.00,e,54
3.37,176.94,0.00,29.82,0.00,f,3.40,159.50,1.24,28.74,0.00,g,55
3.25,185.70,0.00,29.32,0.00,g,3.49,166.33,-3.26,29.25,0.00,b,56
3.36,152.31,0.00,21.55,0.00,g,3.30,152.48,1.23,21.25,0.00,c,57
3.36,134.61,0.00,20.18,0.00,g,3.25,135.52,-1.68,19.80,0.00,e,58
3.37,159.09,0.00,21.76,0.00,g,3.27,162.84,-4.74,21.60,0.00,g,59
3.31,161.16,0.00,25.07,0.00,e,3.38,175.11,-4.80,24.91,0.00,b,60
3.38,158.82,0.00,22.26,0.00,e,3.28,163.85,4.28,22.25,0.00,c,61
3.36,150.35,0.00,21.07,0.00,e,3.30,150.18,1.24,20.80,0.00,e,62
3.25,159.54,0.00,28.51,0.00,e,3.47,149.02,2.86,27.67,0.00,g,63
3.29,137.67,0.00,22.13,0.00,f,3.35,140.42,4.29,21.83,0.00,b,64
3.40,127.85,0.00,23.80,0.00,f,3.25,132.90,2.58,23.72,0.00,c,65
3.40,172.16,0.00,19.61,0.00,f,3.25,168.67,-0.15,19.16,0.00,e,66
3.48,178.56,0.00,23.78,0.00,f,3.37,154.20,1.31,23.97,0.00,g,67
3.60,189.32,0.00,22.91,0.00,g,3.25,159.48,-3.17,22.02,0.00,b,68
3.31,149.98,0.00,10.00,0.00,g,3.71,178.99,-4.49,10.00,0.00,c,69
3.27,142.05,0.00,20.76,0.00,g,3.36,142.66,-1.65,20.34,0.00,e,70
3.41,170.50,0.00,27.51,0.00,g,3.37,151.55,-0.19,26.52,0.00,g,71
3.45,156.54,0.00,28.08,0.00,e,3.32,157.66,5.00,27.88,0.00,b,72
3.44,142.68,0.00,23.13,0.00,e,3.25,144.48,4.07,23.01,0.00,c,73
3.40,156.17,0.00,22.31,0.00,e,3.25,162.02,1.26,22.28,0.00,e,74
3.37,156.09,0.00,11.00,0.00,e,3.67,184.58,3.00,10.00,0.00,g,75
3.46,149.69,0.00,10.00,0.00,f,3.58,179.67,-1.51,10.00,0.00,b,76
3.44,135.82,0.00,22.40,0.00,f,3.25,135.31,2.58,22.19,0.00,c,77
3.35,151.24,0.00,19.26,0.00,f,3.27,150.19,-0.13,19.05,0.00,e,78
3.49,171.41,0.00,28.92,0.00,f,3.28,154.53,1.17,27.86,0.00,g,79
3.53,162.47,0.00,21.76,0.00,g,3.32,140.28,-3.11,20.68,0.00,b,80
3.34,147.30,0.00,21.10,0.00,g,3.30,147.71,1.29,20.78,0.00,c,81
3.75,131.80,0.00,10.02,0.00,g,3.30,153.94,2.72,10.11,0.00,e,82
3.41,142.37,0.00,26.87,0.00,g,3.38,129.44,-0.20,26.17,0.00,g,83
3.39,149.45,0.00,25.69,0.00,e,3.39,133.91,-0.14,25.56,0.00,b,84
3.25,139.42,0.00,10.40,0.00,e,3.78,163.47,-1.47,10.00,0.00,c,85
3.40,118.91,0.00,24.13,0.00,e,3.25,124.88,1.06,24.69,0.00,e,86
3.39,150.46,0.00,25.45,0.00,e,3.41,135.29,2.79,24.43,0.00,g,87
3.41,147.77,0.00,14.08,0.00,f,3.25,138.68,4.51,13.66,0.00,b,88
3.34,153.29,0.00,17.33,0.00,f,3.27,150.18,2.99,17.12,0.00,c,89
3.45,157.16,0.00,10.00,0.00,f,3.59,187.96,4.51,10.00,0.00,e,90
3.25,189.23,0.00,24.63,0.00,f,3.57,162.85,1.42,24.54,0.00,g,91
3.39,169.91,0.00,21.16,0.00,g,3.28,168.96,2.77,20.90,0.00,b,92
3.26,170.53,0.00,18.03,0.00,g,3.38,165.81,1.48,17.71,0.00,c,93
3.25,162.27,0.00,30.00,0.00,g,3.50,149.30,2.72,30.00,0.00,e,94
3.42,152.74,0.00,22.03,0.00,g,3.25,152.39,-4.84,21.77,0.00,g,95
3.51,133.48,0.00,28.76,0.00,e,3.25,138.45,5.00,28.52,0.00,b,96
3.35,158.59,0.00,19.25,0.00,e,3.52,135.40,-1.47,18.87,0.00,c,97
3.36,159.72,0.00,20.33,0.00,e,3.27,159.65,1.34,20.12,0.00,e,98
3.32,167.86,0.00,21.01,0.00,e,3.32,170.18,-1.68,21.13,0.00,g,99
3.28,166.64,0.00,22.45,0.00,f,3.41,166.84,4.23,22.29,0.00,b,100
3.26,135.44,0.00,10.06,0.00,f,3.74,154.08,-2.97,10.00,0.00,c,101
3.42,141.52,0.00,24.48,0.00,f,3.25,152.08,-0.35,24.72,0.00,e,102
3.29,145.61,0.00,21.67,0.00,f,3.38,145.68,-3.26,21.26,0.00,g,103
3.32,156.09,0.00,21.94,0.00,g,3.32,159.43,2.80,21.82,0.00,b,104
3.25,182.61,0.00,27.54,0.00,g,3.56,159.25,-4.69,29.11,0.00,c,105
3.41,146.53,0.00,22.64,0.00,g,3.25,150.61,-1.83,22.27,0.00,e,106
3.28,139.02,0.00,10.50,0.00,g,3.73,159.66,-0.02,10.21,0.00,g,107
3.49,161.10,0.00,27.26,0.00,e,3.28,144.51,-0.26,27.08,0.00,b,108
3.25,154.20,0.00,21.12,0.00,e,3.39,155.02,4.37,20.94,0.00,c,109
3.25,145.68,0.00,19.96,0.00,e,3.38,145.01,1.40,19.64,0.00,e,110
3.36,135.42,0.00,30.00,0.00,e,3.39,127.23,2.64,30.00,0.00,g,111
3.35,176.85,0.00,29.99,0.00,f,3.38,160.47,-1.78,30.00,0.00,b,112
3.38,160.47,0.00,20.42,0.00,f,3.27,159.03,2.82,20.08,0.00,c,113
3.28,160.57,0.00,21.33,0.00,f,3.37,161.53,-0.17,21.12,0.00,e,114
3.29,164.02,0.00,30.00,0.00,f,3.47,150.07,1.28,28.87,0.00,g,115
3.42,158.86,0.00,24.94,0.00,g,3.39,139.72,-3.20,25.27,0.00,b,116
3.43,149.11,0.00,19.36,0.00,g,3.25,144.67,1.29,18.80,0.00,c,117
3.37,134.52,0.00,22.17,0.00,g,3.25,139.91,-1.75,21.95,0.00,e,118
3.47,167.26,0.00,30.00,0.00,g,3.26,154.12,-0.35,30.00,0.00,g,119
3.25,129.74,0.00,19.32,0.00,e,3.36,129.17,-4.58,19.12,0.00,b,120
3.47,174.99,0.00,28.61,0.00,e,3.30,156.63,-1.79,28.62,0.00,c,121
3.37,141.19,0.00,10.00,0.00,e,3.65,160.92,-4.53,10.00,0.00,e,122
3.47,160.93,0.00,30.00,0.00,e,3.25,149.02,2.64,30.00,0.00,g,123
3.52,162.32,0.00,27.72,0.00,f,3.25,145.02,-1.82,28.26,0.00,b,124
3.28,151.99,0.00,18.21,0.00,f,3.35,148.94,2.96,17.88,0.00,c,125
3.31,142.91,0.00,19.53,0.00,f,3.31,142.31,-0.12,19.11,0.00,e,126
3.65,142.52,0.00,10.25,0.00,f,3.37,164.27,1.28,10.42,0.00,g,127
3.48,162.49,0.00,29.89,0.00,g,3.25,149.10,-3.37,30.00,0.00,b,128
3.29,157.57,0.00,19.22,0.00,g,3.33,155.90,1.42,18.95,0.00,c,129
3.27,145.96,0.00,23.51,0.00,g,3.42,148.80,-1.81,23.10,0.00,e,130
3.31,127.23,0.00,10.29,0.00,g,3.71,144.42,-0.04,10.00,0.00,g,131
3.33,158.84,0.00,25.58,0.00,e,3.47,141.25,-0.15,26.57,0.00,b,132
3.25,156.70,0.00,26.33,0.00,e,3.56,139.62,-1.76,27.95,0.00,c,133
3.41,157.69,0.00,23.98,0.00,e,3.25,166.22,1.18,23.96,0.00,e,134
3.27,146.54,0.00,19.99,0.00,e,3.37,144.63,-1.66,19.72,0.00,g,135
3.45,166.53,0.00,21.30,0.00,f,3.25,163.46,4.21,20.88,0.00,b,136
3.25,159.69,0.00,28.90,0.00,f,3.50,146.13,-3.24,29.81,0.00,c,137
3.28,130.47,0.00,21.38,0.00,f,3.37,130.96,-0.23,21.10,0.00,e,138
3.52,165.26,0.00,27.72,0.00,f,3.25,147.41,1.26,26.40,0.00,g,139
3.25,150.97,0.00,22.39,0.00,g,3.44,150.90,2.72,21.99,0.00,b,140
3.40,134.10,0.00,21.14,0.00,g,3.25,133.62,1.21,20.84,0.00,c,141
3.42,146.06,0.00,30.00,0.00,g,3.27,137.21,2.58,27.19,0.00,e,142
3.55,161.24,0.00,25.76,0.00,g,3.25,143.38,-0.22,24.76,0.00,g,143
3.31,160.37,0.00,21.01,0.00,e,3.32,164.21,-4.66,21.01,0.00,b,144
3.46,155.40,0.00,10.00,0.00,e,3.56,184.04,-1.50,10.00,0.00,c,145
3.47,145.01,0.00,24.58,0.00,e,3.25,150.16,0.95,24.37,0.00,e,146
3.56,148.87,0.00,12.60,0.00,e,3.48,168.19,2.72,12.66,0.00,g,147
3.37,155.43,0.00,19.16,0.00,f,3.25,153.71,4.39,18.82,0.00,b,148
3.36,150.59,0.00,18.58,0.00,f,3.25,148.49,2.93,18.18,0.00,c,149
3.54,129.14,0.00,26.89,0.00,f,3.25,118.91,4.17,26.07,0.00,e,150
3.31,162.13,0.00,29.12,0.00,f,3.46,146.77,1.22,29.61,0.00,g,151
3.36,132.89,0.00,22.38,0.00,g,3.29,136.02,2.70,22.08,0.00,b,152
3.39,154.82,0.00,21.98,0.00,g,3.25,158.69,1.26,21.76,0.00,c,153
3.51,153.30,0.00,27.98,0.00,g,3.26,139.02,2.73,26.85,0.00,e,154
3.32,152.90,0.00,26.96,0.00,g,3.47,137.64,-0.19,26.39,0.00,g,155
3.56,140.45,0.00,26.00,0.00,e,3.25,144.72,5.00,27.60,0.00,b,156
3.68,156.91,0.00,10.00,0.00,e,3.33,184.61,-1.68,10.36,0.00,c,157
3.30,156.90,0.00,21.15,0.00,e,3.35,157.82,1.33,21.00,0.00,e,158
3.39,148.60,0.00,20.02,0.00,e,3.25,146.98,-1.70,19.72,0.00,g,159
3.30,136.28,0.00,18.11,0.00,f,3.30,134.65,4.46,17.77,0.00,b,160
3.53,163.00,0.00,27.43,0.00,f,3.25,144.60,-3.30,27.51,0.00,c,161
3.38,151.40,0.00,21.18,0.00,f,3.26,153.54,-0.22,20.93,0.00,e,162
3.35,183.42,0.00,24.00,0.00,f,3.49,156.34,1.45,22.35,0.00,g,163
3.42,157.97,0.00,23.67,0.00,g,3.25,164.93,2.68,23.56,0.00,b,164
3.30,158.81,0.00,19.13,0.00,g,3.33,157.99,1.41,19.41,0.00,c,165
3.37,155.51,0.00,23.01,0.00,g,3.29,161.22,-1.79,22.96,0.00,e,166
3.29,142.19,0.00,21.78,0.00,g,3.37,143.11,-4.74,21.51,0.00,g,167
3.75,150.40,0.00,10.00,0.00,e,3.27,175.58,-0.27,10.86,0.00,b,168
3.46,139.33,0.00,21.22,0.00,e,3.25,136.55,4.11,20.51,0.00,c,169
3.33,138.92,0.00,21.65,0.00,e,3.33,139.71,1.22,21.32,0.00,e,170
3.25,158.63,0.00,27.89,0.00,e,3.52,143.14,2.82,28.51,0.00,g,171
3.25,158.36,0.00,19.82,0.00,f,3.39,156.76,4.41,19.66,0.00,b,172
3.29,153.91,0.00,10.01,0.00,f,3.72,182.63,-2.95,10.00,0.00,c,173
3.31,144.05,0.00,20.13,0.00,f,3.31,144.26,-0.14,19.76,0.00,e,174
3.26,155.42,0.00,10.00,0.00,f,3.75,182.31,1.58,10.00,0.00,g,175
3.27,150.01,0.00,20.34,0.00,g,3.35,150.32,2.89,19.97,0.00,b,176
3.38,157.71,0.00,20.41,0.00,g,3.25,157.58,1.33,20.12,0.00,c,177
3.42,192.16,0.00,28.92,0.00,g,3.36,169.19,2.64,29.46,0.00,e,178
3.58,141.14,0.00,10.00,0.00,g,3.43,160.69,-0.16,10.00,0.00,g,179
3.77,149.48,0.00,10.02,0.00,e,3.26,177.91,-0.20,10.43,0.00,b,180
3.29,146.62,0.00,24.09,0.00,e,3.39,151.48,4.20,24.04,0.00,c,181
3.42,164.20,0.00,19.41,0.00,e,3.25,159.34,1.30,18.89,0.00,e,182
3.44,161.71,0.00,28.12,0.00,e,3.34,146.30,2.75,28.35,0.00,g,183
3.34,163.49,0.00,20.58,0.00,f,3.30,165.64,4.37,20.39,0.00,b,184
3.41,134.21,0.00,22.86,0.00,f,3.25,138.95,2.63,22.96,0.00,c,185
3.62,141.09,0.00,10.00,0.00,f,3.44,165.91,4.32,10.56,0.00,e,186
3.45,153.17,0.00,30.00,0.00,f,3.27,143.08,1.13,30.00,0.00,g,187
3.49,158.93,0.00,24.57,0.00,g,3.32,138.99,-3.19,24.37,0.00,b,188
3.37,148.61,0.00,21.73,0.00,g,3.26,151.58,1.26,21.60,0.00,c,189
3.29,126.40,0.00,21.00,0.00,g,3.32,129.36,-1.66,20.76,0.00,e,190
3.25,168.58,0.00,28.56,0.00,g,3.52,151.45,-0.22,27.87,0.00,g,191
3.35,140.32,0.00,11.27,0.00,e,3.68,163.61,-0.11,10.00,0.00,b,192
3.36,150.61,0.00,15.90,0.00,e,3.26,144.95,4.51,15.73,0.00,c,193
3.46,136.73,0.00,24.65,0.00,e,3.25,143.67,1.00,24.54,0.00,e,194
3.40,172.32,0.00,27.83,0.00,e,3.38,153.92,2.75,27.61,0.00,g,195
3.38,136.23,0.00,23.56,0.00,f,3.28,141.66,4.16,23.41,0.00,b,196
3.42,143.82,0.00,22.88,0.00,f,3.25,147.50,2.63,22.72,0.00,c,197
3.33,157.65,0.00,20.33,0.00,f,3.30,157.97,-0.14,20.06,0.00,e,198
3.34,154.17,0.00,10.00,0.00,f,3.69,182.18,1.55,10.00,0.00,g,199
3.38,153.25,0.00,21.15,0.00,g,3.25,156.09,2.81,20.85,0.00,b,200
3.26,132.05,0.00,20.94,0.00,g,3.36,132.92,1.35,20.60,0.00,c,201
3.26,159.10,0.00,20.67,0.00,g,3.38,159.00,-1.64,20.30,0.00,e,202
3.29,170.16,0.00,29.34,0.00,g,3.48,153.02,-0.25,28.28,0.00,g,203
3.35,141.19,0.00,10.98,0.00,e,3.69,164.98,-0.05,10.02,0.00,b,204
3.32,189.63,0.00,20.37,0.00,e,3.54,157.98,-1.54,20.72,0.00,c,205
3.39,164.45,0.00,21.14,0.00,e,3.25,168.12,1.31,20.99,0.00,e,206
3.39,153.94,0.00,21.86,0.00,e,3.26,156.66,-1.79,21.82,0.00,g,207
3.44,158.42,0.00,25.53,0.00,f,3.37,140.09,-1.72,26.41,0.00,b,208
3.39,156.27,0.00,10.00,0.00,f,3.62,184.63,-3.02,10.00,0.00,c,209
3.35,141.03,0.00,23.09,0.00,f,3.29,147.36,-0.28,22.88,0.00,e,210
3.34,170.39,0.00,24.17,0.00,f,3.48,147.97,1.33,22.80,0.00,g,211
3.25,148.39,0.00,22.73,0.00,g,3.41,151.17,2.78,22.50,0.00,b,212
3.38,133.95,0.00,22.40,0.00,g,3.29,135.86,1.14,22.11,0.00,c,213
3.42,135.48,0.00,24.24,0.00,g,3.25,143.55,-1.88,24.12,0.00,e,214
3.68,156.86,0.00,10.00,0.00,g,3.34,184.62,-0.14,10.15,0.00,g,215
3.47,179.38,0.00,29.01,0.00,e,3.29,160.77,-0.29,29.15,0.00,b,216
3.36,156.03,0.00,24.16,0.00,e,3.45,137.71,-1.62,24.86,0.00,c,217
3.37,154.57,0.00,21.19,0.00,e,3.26,158.46,1.31,21.06,0.00,e,218
3.41,173.16,0.00,19.29,0.00,e,3.25,169.34,-1.68,19.11,0.00,g,219
3.30,143.38,0.00,10.86,0.00,f,3.74,168.92,-1.55,10.00,0.00,b,220
3.36,149.86,0.00,22.35,0.00,f,3.33,150.42,2.65,22.10,0.00,c,221
3.25,160.77,0.00,17.11,0.00,f,3.38,155.31,0.01,16.59,0.00,e,222
3.51,162.33,0.00,27.45,0.00,f,3.26,145.81,1.22,26.81,0.00,g,223
3.30,150.44,0.00,21.71,0.00,g,3.35,151.61,2.78,21.41,0.00,b,224
3.64,144.12,0.00,12.70,0.00,g,3.39,166.11,-4.81,12.62,0.00,c,225
3.33,150.20,0.00,10.00,0.00,g,3.72,178.75,3.11,10.00,0.00,e,226
3.74,142.93,0.00,10.00,0.00,g,3.28,160.69,-0.21,11.10,0.00,g,227
3.48,168.81,0.00,25.66,0.00,e,3.32,148.15,-0.21,25.65,0.00,b,228
3.35,163.04,0.00,20.20,0.00,e,3.28,162.78,4.37,20.09,0.00,c,229
3.29,144.23,0.00,20.07,0.00,e,3.35,142.65,1.34,19.48,0.00,e,230
3.28,159.86,0.00,29.97,0.00,e,3.47,147.91,2.74,29.97,0.00,g,231
3.25,149.39,0.00,10.31,0.00,f,3.76,176.98,-1.44,10.01,0.00,b,232
3.36,154.61,0.00,21.86,0.00,f,3.30,156.18,2.74,21.62,0.00,c,233
3.44,151.83,0.00,21.92,0.00,f,3.25,150.99,-0.37,21.66,0.00,e,234
3.25,153.46,0.00,10.02,0.00,f,3.77,180.29,1.59,10.00,0.00,g,235
3.41,150.79,0.00,10.01,0.00,g,3.66,182.78,-2.97,10.02,0.00,b,236
3.25,165.98,0.00,21.60,0.00,g,3.42,165.68,1.29,21.42,0.00,c,237
3.31,148.31,0.00,17.63,0.00,g,3.31,144.93,-1.53,17.20,0.00,e,238
3.51,143.44,0.00,26.20,0.00,g,3.25,143.07,5.00,26.74,0.00,g,239
3.50,161.83,0.00,26.63,0.00,e,3.29,143.55,-0.25,26.05,0.00,b,240
3.43,170.66,0.00,20.96,0.00,e,3.25,167.43,4.27,20.73,0.00,c,241
3.25,145.27,0.00,24.11,0.00,e,3.45,148.00,1.15,23.71,0.00,e,242
3.41,166.23,0.00,19.60,0.00,e,3.25,162.60,-1.68,19.35,0.00,g,243
3.37,130.70,0.00,21.14,0.00,f,3.25,132.42,4.25,21.08,0.00,b,244
3.43,152.11,0.00,23.06,0.00,f,3.27,153.63,2.58,22.89,0.00,c,245
3.51,152.79,0.00,28.03,0.00,f,3.27,138.44,4.25,26.24,0.00,e,246
3.33,136.11,0.00,22.41,0.00,f,3.30,140.72,-3.26,22.48,0.00,g,247
3.27,150.73,0.00,20.02,0.00,g,3.35,150.83,2.91,19.64,0.00,b,248
3.27,145.59,0.00,19.17,0.00,g,3.38,143.19,1.37,19.08,0.00,c,249
3.40,134.94,0.00,21.55,0.00,g,3.25,135.79,-1.80,21.22,0.00,e,250
3.26,161.27,0.00,30.00,0.00,g,3.48,149.03,-0.26,30.00,0.00,g,251
3.53,154.09,0.00,10.00,0.00,e,3.48,182.26,-0.10,10.01,0.00,b,252
3.31,155.63,0.00,17.79,0.00,e,3.35,150.82,4.44,17.54,0.00,c,253
3.38,153.34,0.00,21.62,0.00,e,3.27,156.33,1.25,21.50,0.00,e,254
3.43,157.03,0.00,21.50,0.00,e,3.25,155.97,-1.81,21.33,0.00,g,255
3.63,151.70,0.00,10.00,0.00,f,3.39,180.61,-1.69,10.00,0.00,b,256
3.35,141.19,0.00,19.94,0.00,f,3.26,141.62,2.85,19.69,0.00,c,257
3.34,151.75,0.00,21.27,0.00,f,3.30,154.12,-0.20,21.07,0.00,e,258
3.25,158.40,0.00,21.81,0.00,f,3.41,159.12,-3.20,21.59,0.00,g,259
3.43,157.67,0.00,23.53,0.00,g,3.25,165.17,2.69,23.63,0.00,b,260
3.66,157.13,0.00,30.00,0.00,g,3.25,140.22,5.00,30.00,0.00,c,261
3.48,163.70,0.00,30.00,0.00,g,3.25,150.86,2.64,29.93,0.00,e,262
3.33,148.77,0.00,10.07,0.00,g,3.69,171.89,0.01,10.11,0.00,g,263
3.45,140.68,0.00,29.51,0.00,e,3.29,130.82,-0.35,29.65,0.00,b,264
3.60,152.44,0.00,10.00,0.00,e,3.44,182.19,-1.64,10.00,0.00,c,265
3.35,145.56,0.00,21.76,0.00,e,3.30,147.29,1.24,21.49,0.00,e,266
3.41,144.92,0.00,21.56,0.00,e,3.25,146.08,-1.80,21.42,0.00,g,267
3.50,148.92,0.00,10.00,0.00,f,3.54,178.45,-1.54,10.00,0.00,b,268
3.43,159.53,0.00,24.28,0.00,f,3.25,168.54,2.66,24.46,0.00,c,269
3.39,153.42,0.00,19.98,0.00,f,3.25,151.90,-0.17,19.59,0.00,e,270
3.43,174.07,0.00,28.70,0.00,f,3.34,156.21,1.25,27.70,0.00,g,271
3.29,156.08,0.00,20.53,0.00,g,3.35,155.50,2.84,20.16,0.00,b,272
3.32,149.83,0.00,19.05,0.00,g,3.56,128.48,-4.42,18.84,0.00,c,273
3.25,146.55,0.00,10.17,0.00,g,3.81,175.54,3.15,10.03,0.00,e,274
3.32,153.39,0.00,10.00,0.00,g,3.69,180.14,0.02,10.00,0.00,g,275
3.50,168.27,0.00,28.48,0.00,e,3.25,151.78,-0.40,28.38,0.00,b,276
3.39,166.35,0.00,18.94,0.00,e,3.26,162.71,4.37,18.64,0.00,c,277
3.38,154.02,0.00,18.45,0.00,e,3.25,150.85,1.39,17.86,0.00,e,278
3.40,168.49,0.00,29.99,0.00,e,3.37,153.84,2.73,29.24,0.00,g,279
3.33,148.39,0.00,23.28,0.00,f,3.34,153.63,4.23,23.22,0.00,b,280
3.36,145.89,0.00,25.61,0.00,f,3.44,130.80,-3.15,26.58,0.00,c,281
3.42,161.64,0.00,21.28,0.00,f,3.25,160.01,-0.25,20.95,0.00,e,282
3.25,159.24,0.00,29.91,0.00,f,3.50,146.88,1.28,29.95,0.00,g,283
3.37,155.78,0.00,10.03,0.00,g,3.67,189.72,-2.98,10.03,0.00,b,284
3.38,156.13,0.00,19.84,0.00,g,3.25,157.42,1.37,19.68,0.00,c,285
3.29,153.67,0.00,22.24,0.00,g,3.39,153.62,-1.81,21.84,0.00,e,286
3.25,141.20,0.00,10.03,0.00,g,3.80,167.68,0.07,10.04,0.00,g,287
3.26,158.90,0.00,27.71,0.00,e,3.50,156.11,5.00,27.53,0.00,b,288
3.44,142.53,0.00,22.59,0.00,e,3.25,142.54,4.08,22.39,0.00,c,289
3.40,142.14,0.00,23.91,0.00,e,3.25,149.49,1.17,23.82,0.00,e,290
3.49,156.79,0.00,27.74,0.00,e,3.29,141.84,2.75,26.23,0.00,g,291
3.77,153.50,0.00,10.00,0.00,f,3.25,183.99,-1.70,10.00,0.00,b,292
3.40,154.25,0.00,18.75,0.00,f,3.25,150.69,2.81,17.90,0.00,c,293
3.26,149.88,0.00,20.98,0.00,f,3.37,152.57,-0.13,20.76,0.00,e,294
3.59,158.12,0.00,25.33,0.00,f,3.25,140.35,1.13,27.48,0.00,g,295
3.25,147.78,0.00,23.07,0.00,g,3.40,152.10,2.80,22.67,0.00,b,296
3.45,157.70,0.00,26.20,0.00,g,3.25,172.15,1.10,26.81,0.00,c,297
3.45,169.10,0.00,21.90,0.00,g,3.25,166.87,-1.83,21.58,0.00,e,298
3.49,161.82,0.00,21.58,0.00,g,3.39,139.63,-0.05,20.26,0.00,g,299
3.33,161.29,0.00,29.02,0.00,e,3.43,146.81,-0.26,29.61,0.00,b,300
3.48,147.73,0.00,30.00,0.00,e,3.25,137.34,-1.90,30.00,0.00,c,301
3.26,145.93,0.00,23.78,0.00,e,3.40,153.08,1.27,23.68,0.00,e,302
3.33,149.39,0.00,10.01,0.00,e,3.67,170.91,3.03,10.00,0.00,g,303
3.39,121.86,0.00,21.07,0.00,f,3.25,122.28,4.17,21.09,0.00,b,304
3.42,167.41,0.00,21.03,0.00,f,3.25,165.85,2.73,20.88,0.00,c,305
3.56,153.48,0.00,10.00,0.00,f,3.47,183.01,4.44,10.00,0.00,e,306
3.41,162.90,0.00,23.62,0.00,f,3.42,141.69,1.42,21.20,0.00,g,307
3.36,137.02,0.00,16.16,0.00,g,3.25,132.96,3.00,15.65,0.00,b,308
3.39,151.61,0.00,22.43,0.00,g,3.25,157.24,1.24,22.39,0.00,c,309
3.39,143.08,0.00,20.38,0.00,g,3.25,142.41,-1.70,19.80,0.00,e,310
3.54,153.69,0.00,26.92,0.00,g,3.25,138.07,-0.29,25.13,0.00,g,311
3.30,154.92,0.00,18.06,0.00,e,3.31,152.27,-4.54,17.43,0.00,b,312
3.70,143.10,0.00,10.00,0.00,e,3.34,169.10,-1.72,10.00,0.00,c,313
3.32,150.21,0.00,20.22,0.00,e,3.31,150.07,1.35,19.91,0.00,e,314
3.36,150.65,0.00,22.60,0.00,e,3.29,155.32,-1.78,22.69,0.00,g,315
3.40,140.32,0.00,21.12,0.00,f,3.26,140.19,4.23,20.77,0.00,b,316
3.44,155.94,0.00,24.92,0.00,f,3.36,137.44,-3.18,25.30,0.00,c,317
3.73,150.46,0.00,10.01,0.00,f,3.33,180.90,4.32,10.26,0.00,e,318
3.74,157.39,0.00,10.01,0.00,f,3.25,179.74,1.32,10.76,0.00,g,319
3.35,153.40,0.00,19.14,0.00,g,3.26,152.21,2.90,18.76,0.00,b,320
3.52,162.27,0.00,10.00,0.00,g,3.49,194.46,-4.56,10.00,0.00,c,321
3.38,163.03,0.00,24.69,0.00,g,3.44,141.91,2.88,24.42,0.00,e,322
3.25,152.17,0.00,10.00,0.00,g,3.82,183.30,0.16,10.00,0.00,g,323
3.44,161.08,0.00,27.17,0.00,e,3.28,147.34,-0.30,29.22,0.00,b,324
3.33,153.37,0.00,10.01,0.00,e,3.69,180.51,-1.51,10.03,0.00,c,325
3.39,159.96,0.00,19.39,0.00,e,3.25,157.03,1.36,19.01,0.00,e,326
3.40,151.06,0.00,26.26,0.00,e,3.31,161.77,-1.94,26.75,0.00,g,327
3.48,170.55,0.00,29.74,0.00,f,3.25,155.75,-1.87,30.00,0.00,b,328
3.25,139.62,0.00,26.08,0.00,f,3.44,148.20,2.68,25.85,0.00,c,329
3.25,164.79,0.00,21.86,0.00,f,3.40,167.24,-0.16,21.73,0.00,e,330
3.35,151.39,0.00,30.00,0.00,f,3.39,141.21,1.21,29.97,0.00,g,331
3.41,132.38,0.00,10.03,0.00,g,3.62,155.12,-3.16,10.00,0.00,b,332
3.25,144.51,0.00,17.73,0.00,g,3.37,140.60,1.49,17.20,0.00,c,333
3.40,175.90,0.00,29.02,0.00,g,3.36,156.31,2.76,27.76,0.00,e,334
3.39,156.86,0.00,29.93,0.00,g,3.35,144.14,-0.27,29.12,0.00,g,335
3.45,173.26,0.00,30.00,0.00,e,3.27,158.57,-0.35,30.00,0.00,b,336
3.45,149.44,0.00,27.38,0.00,e,3.33,135.50,-1.76,27.51,0.00,c,337
3.25,138.58,0.00,20.84,0.00,e,3.41,137.97,1.33,20.54,0.00,e,338
3.38,140.27,0.00,23.11,0.00,e,3.28,144.90,-1.83,23.19,0.00,g,339
3.29,161.74,0.00,29.98,0.00,f,3.45,148.83,-1.75,30.00,0.00,b,340
3.25,182.33,0.00,20.87,0.00,f,3.42,180.27,2.84,20.90,0.00,c,341
3.43,142.46,0.00,20.88,0.00,f,3.25,140.13,-0.32,20.36,0.00,e,342
3.40,152.81,0.00,10.00,0.00,f,3.62,179.90,1.54,10.00,0.00,g,343
3.44,151.67,0.00,24.21,0.00,g,3.25,157.29,2.54,24.02,0.00,b,344
3.43,151.72,0.00,22.97,0.00,g,3.25,153.65,1.13,22.80,0.00,c,345
3.36,148.03,0.00,18.64,0.00,g,3.25,147.11,-1.60,18.78,0.00,e,346
3.42,185.32,0.00,29.89,0.00,g,3.35,166.70,-0.33,29.98,0.00,g,347
3.25,152.60,0.00,10.00,0.00,e,3.77,181.88,0.08,10.00,0.00,b,348
3.27,144.54,0.00,21.95,0.00,e,3.41,144.82,4.23,21.71,0.00,c,349
3.41,159.35,0.00,21.36,0.00,e,3.25,159.34,1.26,21.13,0.00,e,350
3.41,142.90,0.00,10.00,0.00,e,3.61,164.27,2.98,10.03,0.00,g,351
3.35,150.05,0.00,27.72,0.00,f,3.41,136.63,-1.67,27.69,0.00,b,352
3.44,168.44,0.00,27.22,0.00,f,3.34,149.60,-3.24,27.56,0.00,c,353
3.35,133.78,0.00,20.19,0.00,f,3.25,136.55,-0.15,19.92,0.00,e,354
3.25,153.79,0.00,10.01,0.00,f,3.77,181.98,1.58,10.00,0.00,g,355
3.41,129.79,0.00,23.86,0.00,g,3.25,137.00,2.62,24.00,0.00,b,356
3.25,145.33,0.00,29.60,0.00,g,3.53,133.12,-4.80,29.98,0.00,c,357
3.35,132.69,0.00,19.65,0.00,g,3.25,133.28,-1.64,19.28,0.00,e,358
3.52,143.95,0.00,22.56,0.00,g,3.32,127.93,-0.14,21.92,0.00,g,359
3.36,152.39,0.00,22.32,0.00,e,3.29,155.94,-4.79,22.05,0.00,b,360
3.26,159.08,0.00,21.46,0.00,e,3.40,159.47,4.33,21.31,0.00,c,361
3.41,158.17,0.00,20.39,0.00,e,3.25,155.73,1.28,20.04,0.00,e,362
3.25,178.64,0.00,18.19,0.00,e,3.39,173.47,-1.55,18.21,0.00,g,363
3.53,144.65,0.00,27.79,0.00,f,3.25,131.38,-1.86,27.81,0.00,b,364
3.25,154.31,0.00,24.94,0.00,f,3.46,159.28,2.68,24.79,0.00,c,365
3.39,149.56,0.00,21.13,0.00,f,3.25,150.28,-0.25,20.81,0.00,e,366
3.31,149.19,0.00,19.59,0.00,f,3.35,146.40,-3.17,19.30,0.00,g,367
3.40,144.73,0.00,21.90,0.00,g,3.26,145.63,2.70,21.54,0.00,b,368
3.42,137.31,0.00,23.45,0.00,g,3.26,141.08,1.07,23.33,0.00,c,369
3.50,170.59,0.00,28.98,0.00,g,3.27,152.72,2.72,26.61,0.00,e,370
3.56,147.38,0.00,23.62,0.00,g,3.25,130.14,-0.22,22.57,0.00,g,371
3.41,124.69,0.00,22.72,0.00,e,3.25,127.16,-4.93,22.79,0.00,b,372
3.25,166.02,0.00,19.33,0.00,e,3.44,161.19,4.36,19.12,0.00,c,373
3.44,144.76,0.00,26.12,0.00,e,3.25,156.88,1.07,26.53,0.00,e,374
3.39,145.00,0.00,22.65,0.00,e,3.25,151.71,-1.78,22.73,0.00,g,375
3.65,162.96,0.00,10.00,0.00,f,3.39,198.42,-1.59,10.06,0.00,b,376
3.36,168.15,0.00,20.31,0.00,f,3.29,168.77,2.86,20.40,0.00,c,377
3.44,180.87,0.00,24.09,0.00,f,3.25,190.28,-0.33,24.34,0.00,e,378
3.41,142.75,0.00,29.89,0.00,f,3.35,132.50,1.20,29.24,0.00,g,379
3.50,150.11,0.00,18.21,0.00,g,3.39,127.90,-3.02,17.41,0.00,b,380
3.37,149.11,0.00,21.07,0.00,g,3.27,150.04,1.29,20.74,0.00,c,381
3.25,161.85,0.00,18.65,0.00,g,3.37,159.38,-1.53,17.92,0.00,e,382
3.25,156.52,0.00,10.00,0.00,g,3.75,183.68,0.06,10.00,0.00,g,383
3.54,163.15,0.00,10.00,0.00,e,3.48,196.64,-0.07,10.00,0.00,b,384
3.25,156.13,0.00,25.13,0.00,e,3.54,139.15,-1.62,25.96,0.00,c,385
3.40,146.48,0.00,20.41,0.00,e,3.25,144.84,1.27,19.99,0.00,e,386
3.49,163.98,0.00,29.86,0.00,e,3.25,150.89,2.67,29.51,0.00,g,387
3.50,155.97,0.00,29.69,0.00,f,3.26,142.87,-1.87,29.72,0.00,b,388
3.28,145.11,0.00,10.08,0.00,f,3.73,168.65,-2.97,10.02,0.00,c,389
3.46,149.78,0.00,24.51,0.00,f,3.25,153.93,-0.53,24.08,0.00,e,390
3.44,174.92,0.00,29.32,0.00,f,3.33,157.38,1.22,29.54,0.00,g,391
3.80,151.69,0.00,10.00,0.00,g,3.25,183.53,-3.25,10.85,0.00,b,392
3.38,159.50,0.00,18.50,0.00,g,3.25,155.83,1.40,17.79,0.00,c,393
3.41,153.48,0.00,19.85,0.00,g,3.25,150.31,-1.70,19.31,0.00,e,394
3.49,156.83,0.00,27.82,0.00,g,3.29,157.47,5.00,27.55,0.00,g,395
3.26,131.20,0.00,19.05,0.00,e,3.34,130.93,-4.57,18.85,0.00,b,396
3.38,139.41,0.00,23.69,0.00,e,3.28,143.48,4.17,23.46,0.00,c,397
3.38,143.52,0.00,20.31,0.00,e,3.25,143.20,1.30,19.99,0.00,e,398
3.25,161.87,0.00,30.00,0.00,e,3.48,148.95,2.75,29.98,0.00,g,399
3.45,155.22,0.00,22.86,0.00,f,3.25,155.83,4.09,22.65,0.00,b,400
3.25,138.35,0.00,10.95,0.00,f,3.77,161.77,-3.04,10.00,0.00,c,401
3.29,155.86,0.00,19.97,0.00,f,3.34,155.32,-0.11,19.63,0.00,e,402
3.40,143.76,0.00,18.28,0.00,f,3.25,137.64,-3.16,17.82,0.00,g,403
3.44,157.68,0.00,25.87,0.00,g,3.25,168.60,2.60,25.87,0.00,b,404
3.35,160.06,0.00,20.86,0.00,g,3.29,159.84,1.30,20.62,0.00,c,405
3.72,157.33,0.00,10.00,0.00,g,3.30,187.93,2.84,10.41,0.00,e,406
3.33,141.92,0.00,21.17,0.00,g,3.32,141.72,-4.75,20.86,0.00,g,407
3.37,154.81,0.00,11.41,0.00,e,3.64,180.00,-0.02,10.07,0.00,b,408
3.39,138.00,0.00,22.87,0.00,e,3.26,145.28,4.21,23.68,0.00,c,409
3.36,145.17,0.00,18.05,0.00,e,3.25,143.15,1.45,17.46,0.00,e,410
3.51,186.15,0.00,25.78,0.00,e,3.29,163.10,2.79,25.58,0.00,g,411
3.42,173.63,0.00,21.30,0.00,f,3.25,172.36,4.28,21.15,0.00,b,412
3.29,145.32,0.00,19.04,0.00,f,3.32,144.41,2.94,18.75,0.00,c,413
3.29,147.17,0.00,18.01,0.00,f,3.32,144.62,-0.04,17.72,0.00,e,414
3.25,148.05,0.00,10.22,0.00,f,3.80,177.00,1.60,10.00,0.00,g,415
3.75,141.09,0.00,10.09,0.00,g,3.29,166.72,-3.31,10.77,0.00,b,416
3.41,151.86,0.00,22.97,0.00,g,3.25,158.27,1.21,22.99,0.00,c,417
3.29,143.97,0.00,20.14,0.00,g,3.33,143.80,-1.64,19.72,0.00,e,418
3.25,171.80,0.00,30.00,0.00,g,3.50,155.73,-0.26,28.79,0.00,g,419
3.30,157.18,0.00,20.72,0.00,e,3.34,158.14,-4.69,20.70,0.00,b,420
3.31,140.40,0.00,23.10,0.00,e,3.35,143.23,4.20,22.83,0.00,c,421
3.36,138.48,0.00,17.90,0.00,e,3.25,136.11,1.43,17.45,0.00,e,422
3.39,162.30,0.00,24.49,0.00,e,3.43,144.19,2.89,24.23,0.00,g,423
3.45,169.06,0.00,27.23,0.00,f,3.33,150.34,-1.75,27.44,0.00,b,424
3.37,163.98,0.00,18.04,0.00,f,3.25,158.65,2.96,15.59,0.00,c,425
3.43,175.92,0.00,24.22,0.00,f,3.25,188.60,-0.29,24.49,0.00,e,426
3.49,177.74,0.00,22.76,0.00,f,3.35,151.73,1.37,22.14,0.00,g,427
3.25,146.52,0.00,10.44,0.00,g,3.75,173.46,-3.08,10.01,0.00,b,428
3.41,161.15,0.00,24.14,0.00,g,3.26,170.40,1.19,24.37,0.00,c,429
3.25,166.11,0.00,21.87,0.00,g,3.41,166.89,-1.70,21.59,0.00,e,430
3.28,140.46,0.00,22.83,0.00,g,3.40,141.72,-4.79,22.49,0.00,g,431
3.47,142.77,0.00,10.02,0.00,e,3.59,169.79,-0.09,10.00,0.00,b,432
3.35,155.85,0.00,17.48,0.00,e,3.30,150.82,4.44,16.99,0.00,c,433
3.30,150.63,0.00,18.41,0.00,e,3.32,148.33,1.45,18.02,0.00,e,434
3.41,177.38,0.00,15.86,0.00,e,3.25,167.88,-1.55,16.15,0.00,g,435
3.34,138.07,0.00,20.16,0.00,f,3.28,137.82,4.32,19.83,0.00,b,436
3.42,161.59,0.00,22.23,0.00,f,3.27,160.86,2.64,22.02,0.00,c,437
3.29,178.00,0.00,18.87,0.00,f,3.34,175.23,-0.07,18.95,0.00,e,438
3.35,145.29,0.00,28.58,0.00,f,3.43,133.11,1.21,27.76,0.00,g,439
3.42,163.33,0.00,25.65,0.00,g,3.37,143.65,-3.16,25.96,0.00,b,440
3.37,169.42,0.00,18.48,0.00,g,3.25,166.56,1.43,18.38,0.00,c,441
3.41,149.40,0.00,10.00,0.00,g,3.65,180.16,3.09,10.00,0.00,e,442
3.52,152.46,0.00,27.27,0.00,g,3.25,152.30,5.00,26.99,0.00,g,443
3.67,166.06,0.00,17.21,0.00,e,3.25,139.66,-0.09,16.06,0.00,b,444
3.42,158.66,0.00,21.54,0.00,e,3.25,158.53,4.25,21.40,0.00,c,445
3.60,153.12,0.00,10.00,0.00,e,3.41,181.15,-4.61,10.02,0.00,e,446
3.31,175.15,0.00,26.71,0.00,e,3.47,155.34,2.87,26.32,0.00,g,447
3.29,155.58,0.00,26.86,0.00,f,3.51,139.80,-1.61,26.55,0.00,b,448
3.37,147.64,0.00,29.49,0.00,f,3.37,135.89,-3.27,29.11,0.00,c,449
3.42,152.22,0.00,23.25,0.00,f,3.25,159.11,-0.32,23.18,0.00,e,450
3.74,159.88,0.00,10.00,0.00,f,3.29,187.09,1.28,11.43,0.00,g,451
3.64,163.51,0.00,20.18,0.00,g,3.25,138.84,-3.18,20.62,0.00,b,452
3.41,160.34,0.00,21.82,0.00,g,3.25,164.26,1.26,21.65,0.00,c,453
3.32,143.08,0.00,22.01,0.00,g,3.32,147.26,-1.71,21.78,0.00,e,454
3.33,165.73,0.00,29.63,0.00,g,3.43,150.34,-0.29,28.58,0.00,g,455
3.37,130.38,0.00,19.31,0.00,e,3.25,129.06,-4.68,19.10,0.00,b,456
3.25,146.66,0.00,28.35,0.00,e,3.51,133.93,-1.68,29.00,0.00,c,457
3.27,160.23,0.00,22.08,0.00,e,3.40,161.84,1.30,22.01,0.00,e,458
3.50,147.81,0.00,29.99,0.00,e,3.25,137.81,2.57,29.99,0.00,g,459
3.25,149.02,0.00,28.16,0.00,f,3.54,135.03,-1.73,28.61,0.00,b,460
3.34,145.65,0.00,22.73,0.00,f,3.34,147.40,2.66,22.49,0.00,c,461
3.25,163.77,0.00,17.36,0.00,f,3.40,157.04,-0.02,16.79,0.00,e,462
3.39,148.89,0.00,30.00,0.00,f,3.35,138.74,1.21,30.00,0.00,g,463
3.33,160.11,0.00,30.00,0.00,g,3.42,146.63,-3.33,30.00,0.00,b,464
3.28,145.39,0.00,21.54,0.00,g,3.36,146.93,1.32,21.17,0.00,c,465
3.42,154.73,0.00,18.40,0.00,g,3.25,148.46,-1.65,17.57,0.00,e,466
3.42,170.33,0.00,28.11,0.00,g,3.39,151.12,-0.29,26.19,0.00,g,467
3.25,143.92,0.00,10.00,0.00,e,3.78,170.40,0.08,10.00,0.00,b,468
3.43,153.50,0.00,22.73,0.00,e,3.25,156.14,4.14,22.85,0.00,c,469
3.33,158.59,0.00,20.39,0.00,e,3.31,158.68,1.35,19.98,0.00,e,470
3.41,149.56,0.00,23.74,0.00,e,3.25,159.87,-1.82,24.39,0.00,g,471
3.25,144.10,0.00,22.38,0.00,f,3.43,144.71,4.24,22.01,0.00,b,472
3.30,148.66,0.00,20.27,0.00,f,3.32,148.84,2.87,20.01,0.00,c,473
3.28,138.97,0.00,19.10,0.00,f,3.37,135.65,-0.15,18.74,0.00,e,474
3.33,147.44,0.00,24.21,0.00,f,3.37,151.10,-3.41,23.95,0.00,g,475
3.44,147.17,0.00,19.86,0.00,g,3.25,143.25,2.74,19.26,0.00,b,476
3.34,165.50,0.00,21.09,0.00,g,3.30,166.57,1.31,20.95,0.00,c,477
3.25,151.58,0.00,24.12,0.00,g,3.43,156.64,-1.78,23.84,0.00,e,478
3.50,154.89,0.00,25.15,0.00,g,3.32,136.28,-0.19,23.28,0.00,g,479
3.46,175.90,0.00,25.79,0.00,e,3.34,153.68,-0.21,26.29,0.00,b,480
3.32,152.73,0.00,19.15,0.00,e,3.30,151.13,4.41,18.87,0.00,c,481
3.41,154.79,0.00,18.96,0.00,e,3.25,149.95,1.33,18.27,0.00,e,482
3.49,155.72,0.00,30.00,0.00,e,3.25,144.64,2.67,29.92,0.00,g,483
3.46,150.10,0.00,10.01,0.00,f,3.55,176.21,-1.63,10.02,0.00,b,484
3.40,169.64,0.00,19.82,0.00,f,3.25,167.09,2.84,19.63,0.00,c,485
3.73,136.57,0.00,10.00,0.00,f,3.32,158.48,4.15,10.80,0.00,e,486
3.26,158.46,0.00,24.20,0.00,f,3.57,139.41,1.40,24.12,0.00,g,487
3.25,156.89,0.00,19.22,0.00,g,3.40,154.08,2.92,18.88,0.00,b,488
3.34,147.75,0.00,17.44,0.00,g,3.26,144.61,1.47,16.98,0.00,c,489
3.42,138.60,0.00,20.73,0.00,g,3.25,136.47,-1.79,20.11,0.00,e,490
3.26,162.36,0.00,30.00,0.00,g,3.49,149.37,-0.28,30.00,0.00,g,491
3.45,156.67,0.00,30.00,0.00,e,3.29,144.56,-0.34,29.99,0.00,b,492
3.34,153.06,0.00,21.05,0.00,e,3.31,153.33,4.31,20.88,0.00,c,493
3.42,158.39,0.00,20.66,0.00,e,3.25,155.82,1.28,19.68,0.00,e,494
3.32,181.59,0.00,25.71,0.00,e,3.49,158.89,2.79,26.79,0.00,g,495
3.31,151.48,0.00,24.43,0.00,f,3.36,159.83,4.23,24.32,0.00,b,496
3.40,159.82,0.00,21.36,0.00,f,3.25,160.00,2.77,21.04,0.00,c,497
3.43,149.73,0.00,24.67,0.00,f,3.25,160.74,-0.35,24.91,0.00,e,498
3.31,145.19,0.00,18.05,0.00,f,3.29,143.02,-3.05,17.76,0.00,g,499
3.31,155.08,0.00,21.13,0.00,g,3.33,155.89,2.82,20.80,0.00,b,500
3.28,138.96,0.00,19.47,0.00,g,3.33,138.62,1.41,19.16,0.00,c,501
3.32,154.85,0.00,22.54,0.00,g,3.37,155.63,-1.82,22.15,0.00,e,502
3.41,160.14,0.00,25.70,0.00,g,3.38,142.41,-0.18,25.32,0.00,g,503
3.63,143.52,0.00,10.17,0.00,e,3.40,166.43,-0.21,10.49,0.00,b,504
3.43,160.36,0.00,20.72,0.00,e,3.25,157.98,4.23,20.62,0.00,c,505
3.31,159.17,0.00,19.63,0.00,e,3.34,156.78,1.36,19.39,0.00,e,506
3.38,137.87,0.00,21.75,0.00,e,3.25,141.62,-1.78,21.87,0.00,g,507
3.47,137.48,0.00,10.00,0.00,f,3.56,160.78,-1.60,10.00,0.00,b,508
3.46,158.49,0.00,22.12,0.00,f,3.25,156.48,2.60,21.81,0.00,c,509
3.33,150.41,0.00,21.92,0.00,f,3.31,153.86,-0.22,21.62,0.00,e,510
3.45,152.35,0.00,10.00,0.00,f,3.56,175.19,1.43,10.00,0.00,g,511
3.41,147.64,0.00,21.15,0.00,g,3.25,147.27,2.75,20.70,0.00,b,512
3.52,154.87,0.00,10.00,0.00,g,3.49,183.35,-4.58,10.01,0.00,c,513
3.29,163.10,0.00,21.23,0.00,g,3.39,161.21,-1.76,20.81,0.00,e,514
3.25,151.19,0.00,10.01,0.00,g,3.75,175.86,0.07,10.00,0.00,g,515
3.45,149.06,0.00,10.00,0.00,e,3.56,173.97,-0.03,10.00,0.00,b,516
3.34,149.54,0.00,23.30,0.00,e,3.32,155.92,4.26,23.23,0.00,c,517
3.33,147.57,0.00,19.96,0.00,e,3.29,147.90,1.37,19.70,0.00,e,518
3.77,141.09,0.00,10.17,0.00,e,3.25,158.85,2.66,11.22,0.00,g,519
3.28,181.14,0.00,20.94,0.00,f,3.37,182.83,4.38,21.17,0.00,b,520
3.37,148.74,0.00,21.52,0.00,f,3.26,151.78,2.79,21.24,0.00,c,521
3.36,152.50,0.00,18.15,0.00,f,3.25,149.70,-0.06,17.62,0.00,e,522
3.33,135.58,0.00,26.57,0.00,f,3.46,123.46,1.38,25.36,0.00,g,523
3.26,150.20,0.00,27.85,0.00,g,3.52,135.07,-3.21,28.15,0.00,b,524
3.33,158.85,0.00,22.93,0.00,g,3.34,161.80,1.21,22.72,0.00,c,525
3.44,140.61,0.00,22.32,0.00,g,3.25,139.73,-1.90,21.79,0.00,e,526
3.47,141.74,0.00,10.00,0.00,g,3.54,161.99,-0.08,10.00,0.00,g,527
3.36,157.76,0.00,26.34,0.00,e,3.42,140.67,-0.18,26.48,0.00,b,528
3.25,154.55,0.00,25.84,0.00,e,3.58,136.93,-1.69,27.09,0.00,c,529
3.41,146.30,0.00,23.73,0.00,e,3.25,152.30,1.14,24.10,0.00,e,530
3.46,151.23,0.00,28.63,0.00,e,3.29,139.66,2.70,29.33,0.00,g,531
3.41,156.20,0.00,20.80,0.00,f,3.25,155.12,4.26,20.43,0.00,b,532
3.58,170.76,0.00,25.20,0.00,f,3.25,147.77,-3.28,24.77,0.00,c,533
3.37,143.23,0.00,20.00,0.00,f,3.25,142.64,-0.18,19.64,0.00,e,534
3.34,165.11,0.00,22.93,0.00,f,3.33,170.66,-3.26,22.87,0.00,g,535
3.25,158.60,0.00,21.55,0.00,g,3.41,159.17,2.84,21.22,0.00,b,536
3.44,145.70,0.00,24.12,0.00,g,3.25,149.04,1.00,23.87,0.00,c,537
3.38,148.39,0.00,22.34,0.00,g,3.26,153.30,-1.77,22.23,0.00,e,538
3.57,177.17,0.00,25.27,0.00,g,3.25,153.81,-0.24,23.43,0.00,g,539
3.30,166.96,0.00,16.94,0.00,e,3.41,156.90,-4.62,16.25,0.00,b,540
3.28,145.75,0.00,17.97,0.00,e,3.37,141.91,4.44,17.84,0.00,c,541
3.37,131.87,0.00,21.32,0.00,e,3.26,133.49,1.24,21.21,0.00,e,542
3.26,138.02,0.00,25.04,0.00,e,3.41,146.83,-1.78,24.91,0.00,g,543
3.46,152.34,0.00,25.06,0.00,f,3.25,159.42,4.03,25.00,0.00,b,544
3.25,153.66,0.00,10.05,0.00,f,3.75,181.91,-2.98,10.00,0.00,c,545
3.51,146.00,0.00,29.21,0.00,f,3.25,133.83,4.20,27.57,0.00,e,546
3.72,146.19,0.00,10.00,0.00,f,3.32,173.02,1.27,10.32,0.00,g,547
3.26,157.36,0.00,21.38,0.00,g,3.45,154.75,2.72,20.97,0.00,b,548
3.25,141.17,0.00,21.03,0.00,g,3.39,141.95,1.36,20.59,0.00,c,549
3.43,159.56,0.00,24.36,0.00,g,3.25,168.94,-1.87,24.42,0.00,e,550
3.48,131.74,0.00,27.41,0.00,g,3.30,121.34,-0.28,27.13,0.00,g,551
3.45,167.76,0.00,30.00,0.00,e,3.28,154.07,-0.34,30.00,0.00,b,552
3.25,138.68,0.00,16.81,0.00,e,3.40,134.20,4.49,16.45,0.00,c,553
3.28,154.21,0.00,21.48,0.00,e,3.37,155.54,1.32,21.24,0.00,e,554
3.42,139.93,0.00,20.89,0.00,e,3.25,138.30,-1.84,20.69,0.00,g,555
3.25,158.44,0.00,27.80,0.00,f,3.52,142.28,-1.75,28.86,0.00,b,556
3.42,167.75,0.00,23.32,0.00,f,3.25,173.44,2.70,23.30,0.00,c,557
3.32,147.76,0.00,21.08,0.00,f,3.31,150.27,-0.17,20.81,0.00,e,558
3.55,165.18,0.00,26.94,0.00,f,3.25,146.20,1.22,25.94,0.00,g,559
3.44,162.48,0.00,22.38,0.00,g,3.25,161.60,2.64,21.99,0.00,b,560
3.41,153.39,0.00,23.57,0.00,g,3.25,160.42,1.18,23.63,0.00,c,561
3.26,140.06,0.00,18.78,0.00,g,3.35,138.74,-1.56,18.36,0.00,e,562
3.25,158.52,0.00,24.30,0.00,g,3.57,140.16,-0.04,24.13,0.00,g,563
3.49,153.91,0.00,22.35,0.00,e,3.34,133.77,-0.15,22.97,0.00,b,564
3.26,171.04,0.00,21.59,0.00,e,3.40,171.85,4.35,21.55,0.00,c,565
3.37,151.03,0.00,21.14,0.00,e,3.26,155.56,1.31,21.17,0.00,e,566
3.26,147.80,0.00,20.88,0.00,e,3.38,148.30,-1.66,20.65,0.00,g,567
3.45,148.96,0.00,23.88,0.00,f,3.25,152.45,4.03,23.56,0.00,b,568
3.27,148.98,0.00,20.44,0.00,f,3.35,149.54,2.88,20.18,0.00,c,569
3.35,121.04,0.00,18.37,0.00,f,3.25,119.79,-0.12,18.24,0.00,e,570
3.47,175.08,0.00,30.00,0.00,f,3.27,160.56,1.08,29.99,0.00,g,571
3.32,139.97,0.00,19.63,0.00,g,3.28,139.69,2.88,19.24,0.00,b,572
3.26,164.76,0.00,17.65,0.00,g,3.37,160.63,1.51,17.35,0.00,c,573
3.38,133.43,0.00,20.59,0.00,g,3.26,133.05,-1.73,20.22,0.00,e,574
3.35,152.98,0.00,28.40,0.00,g,3.43,139.28,-0.25,27.93,0.00,g,575
3.59,165.99,0.00,22.91,0.00,e,3.25,142.61,-0.22,22.59,0.00,b,576
3.25,156.13,0.00,28.76,0.00,e,3.52,142.14,-1.75,29.23,0.00,c,577
3.36,148.99,0.00,20.47,0.00,e,3.26,152.16,1.34,20.43,0.00,e,578
3.38,131.04,0.00,23.28,0.00,e,3.26,138.22,-1.82,23.67,0.00,g,579
3.46,140.65,0.00,21.08,0.00,f,3.25,137.48,4.12,20.49,0.00,b,580
3.29,135.54,0.00,23.27,0.00,f,3.39,137.84,2.68,22.97,0.00,c,581
3.25,142.25,0.00,20.49,0.00,f,3.37,142.83,-0.12,20.12,0.00,e,582
3.25,165.76,0.00,29.11,0.00,f,3.56,149.34,1.19,28.62,0.00,g,583
3.44,167.42,0.00,25.99,0.00,g,3.38,146.66,-3.17,26.08,0.00,b,584
3.32,142.49,0.00,20.07,0.00,g,3.32,141.32,1.33,19.75,0.00,c,585
3.60,154.08,0.00,10.00,0.00,g,3.45,186.06,2.94,10.00,0.00,e,586
3.54,147.33,0.00,26.49,0.00,g,3.25,131.98,-0.27,25.86,0.00,g,587
3.53,152.41,0.00,30.00,0.00,e,3.25,137.67,-0.52,30.00,0.00,b,588
3.62,153.15,0.00,10.00,0.00,e,3.39,178.54,-1.61,10.01,0.00,c,589
3.34,161.74,0.00,19.81,0.00,e,3.32,158.60,1.34,19.35,0.00,e,590
3.60,152.24,0.00,10.00,0.00,e,3.41,176.63,2.85,10.09,0.00,g,591
3.25,155.02,0.00,10.00,0.00,f,3.78,186.45,-1.41,10.01,0.00,b,592
3.45,125.05,0.00,19.71,0.00,f,3.25,121.49,2.68,19.29,0.00,c,593
3.35,177.70,0.00,27.37,0.00,f,3.45,156.65,4.32,26.58,0.00,e,594
3.40,148.24,0.00,27.99,0.00,f,3.36,136.51,1.24,27.94,0.00,g,595
3.32,142.95,0.00,10.10,0.00,g,3.69,166.72,-3.06,10.01,0.00,b,596
3.42,131.52,0.00,23.51,0.00,g,3.25,137.62,1.11,23.45,0.00,c,597
3.25,126.28,0.00,22.40,0.00,g,3.42,127.01,-1.77,22.13,0.00,e,598
3.36,167.81,0.00,21.92,0.00,g,3.32,167.75,-4.82,21.77,0.00,g,599
