resid,resname,SMERFs4,Shenkin4,SMERFs6,Shenkin6
1,M,0.9272,6.0,0.6074,6.0
2,I,0.9272,16.9706,0.6074,22.6786
3,S,0.9272,16.9706,0.6074,14.2866
4,T,0.9272,12.0,0.6074,8.088
5,T,0.8499,12.0,0.5964,8.088
6,I,0.8305,12.0,0.5703,8.088
7,S,0.8053,8.4853,0.5658,8.088
8,G,0.7796,12.0,0.6888,8.088
9,K,0.7426,12.0,0.7862,8.088
10,R,0.8053,12.0,0.8274,9.4152
11,P,0.8686,12.0,0.8104,20.7846
12,I,0.8321,8.4853,0.7442,22.6786
13,E,0.7144,8.4853,0.5931,8.6535
14,Q,0.7405,12.0,0.6122,10.9027
15,V,0.7176,8.4853,0.6115,8.6535
16,D,0.7164,8.4853,0.6143,8.6535
17,D,0.7951,12.0,0.6257,10.9027
18,E,0.8403,12.0,0.6369,10.9027
19,L,0.8671,12.0,0.6436,10.9027
20,L,0.8543,12.0,0.6351,10.9027
21,S,0.946,12.0,0.6319,10.9027
22,L,0.946,12.0,0.647,10.9027
23,T,0.8914,12.0,0.6394,10.9027
24,A,0.954,10.5286,0.6668,10.9027
25,Q,0.9668,16.9706,0.7378,10.9027
26,Q,0.9753,12.0,0.7666,8.6535
27,E,0.985,10.5286,0.7712,20.7846
28,N,0.9387,6.0,0.7342,10.5983
29,E,0.9288,16.9706,0.7794,21.1967
30,E,0.9075,24.0,0.7404,26.7061
31,Q,0.9297,16.9706,0.8312,20.7846
32,Q,0.8945,16.9706,0.803,14.2866
33,Q,0.9048,16.9706,0.8785,28.5732
34,Q,0.9046,16.9706,0.8753,22.6786
35,R,0.8955,12.0,0.8244,22.6786
36,K,0.8569,10.5286,0.6933,20.7846
37,R,0.9072,10.5286,0.7659,20.7846
38,R,0.8748,12.0,0.7632,16.4968
39,R,0.9159,10.5286,0.832,14.2866
40,H,0.9913,16.9706,0.8539,28.5732
41,Q,0.9981,16.9706,0.9009,22.6786
42,F,0.961,8.4853,0.9447,8.088
43,A,0.9216,8.4853,0.9338,8.088
44,P,0.9438,16.9706,0.9338,20.7846
45,M,0.9665,16.9706,0.8575,22.6786
46,T,0.9744,10.5286,0.8019,20.7846
47,Q,0.9087,12.0,0.6514,11.3393
48,F,0.926,10.5286,0.3527,16.4968
49,N,0.9594,12.0,0.6354,11.3393
50,S,0.9405,16.9706,0.7687,22.6786
51,N,0.9333,10.5286,0.8451,14.2866
52,T,0.9333,10.5286,0.8355,20.7846
53,L,0.8714,8.4853,0.6999,8.088
54,D,0.8989,10.5286,0.6844,16.4968
55,E,0.953,10.5286,0.6597,16.4968
56,D,0.9599,6.0,0.6593,14.2866
57,S,0.9463,16.9706,0.8383,22.6786
58,G,0.9533,16.9706,0.8567,8.088
59,F,0.8901,8.4853,0.8431,10.9027
60,R,0.861,24.0,0.7597,15.4188
61,S,0.777,8.4853,0.7116,26.7061
62,S,0.6152,8.4853,0.7116,11.665
63,S,0.536,8.4853,0.7423,8.4853
64,D,0.5352,8.4853,0.3849,8.088
65,V,0.3879,12.0,0.2324,8.088
66,A,0.2384,12.0,0.2019,8.088
67,T,0.0856,16.9706,0.1873,21.1967
68,A,0.0,12.0,0.0719,16.8238
69,D,0.0349,16.9706,0.0,26.7061
70,Q,0.2168,16.9706,0.0387,26.7061
71,D,0.3489,16.9706,0.1898,22.6786
72,N,0.7392,16.9706,0.5054,18.0
73,F,0.8865,16.9706,0.7379,28.5732
74,L,0.9391,10.5286,0.7533,20.7846
75,E,0.9647,16.9706,0.8521,28.5732
76,E,0.9924,16.9706,0.9004,28.5732
77,S,0.9815,16.9706,0.8969,20.7846
78,P,0.9877,16.9706,0.9361,28.5732
79,S,0.971,10.5286,0.9321,11.3393
80,G,0.8878,6.0,0.8794,6.0
81,Y,0.8519,16.9706,0.8948,20.7846
82,I,0.7926,6.0,0.8475,9.4152
83,K,0.7041,10.5286,0.8045,14.2866
84,K,0.7041,16.9706,0.8045,14.2866
85,V,0.7501,10.5286,0.836,11.3393
86,I,0.7501,16.9706,0.8301,28.5732
87,L,0.7284,6.0,0.7153,6.0
88,R,0.5561,16.9706,0.5881,20.7846
89,N,0.5277,6.0,0.5388,6.0
90,F,0.5264,6.0,0.5737,6.0
91,M,0.7503,6.0,0.7991,6.0
92,C,0.9732,6.0,0.9512,6.0
93,H,0.9525,6.0,0.9155,6.0
94,E,0.9605,16.9706,0.9218,20.7846
95,H,0.9669,16.9706,0.96,20.7846
96,F,0.9665,10.5286,0.9608,9.4152
97,E,0.9762,16.9706,0.9486,20.7846
98,L,0.9729,16.9706,0.9742,14.2866
99,E,0.9943,16.9706,0.9472,20.7846
100,L,0.9933,10.5286,0.9403,14.2866
101,G,0.9969,6.0,0.9201,9.4152
102,S,0.9979,10.5286,0.8323,16.4968
103,R,0.9872,12.0,0.7864,11.3393
104,L,0.9664,16.9706,0.7522,20.7846
105,N,0.9587,6.0,0.7564,9.4152
106,F,0.9144,6.0,0.7412,6.0
107,I,0.8697,10.5286,0.6592,14.2866
108,V,0.7039,10.5286,0.6855,16.4968
109,G,0.7039,6.0,0.6855,6.0
110,N,0.7039,10.5286,0.6826,14.2866
111,N,0.6368,6.0,0.7003,6.0
112,G,0.6368,6.0,0.7389,6.0
113,S,0.6368,6.0,0.7389,6.0
114,G,0.3592,6.0,0.2621,6.0
115,K,0.7426,6.0,0.7409,6.0
116,S,0.7426,6.0,0.6723,6.0
117,A,0.7426,6.0,0.6487,6.0
118,I,0.7173,12.0,0.7312,16.4968
119,L,0.8921,6.0,0.767,9.4152
120,T,0.9036,6.0,0.8201,9.4152
121,A,0.8912,10.5286,0.8125,9.4152
122,I,0.8236,10.5286,0.8403,11.3393
123,T,0.8236,12.0,0.8348,16.4968
124,I,0.8236,12.0,0.7841,16.4968
125,G,0.8977,10.5286,0.8521,9.4152
126,L,0.7949,6.0,0.7953,6.0
127,G,0.7702,6.0,0.758,6.0
128,A,0.8091,12.0,0.7385,11.3393
129,K,0.7955,10.5286,0.7839,11.3393
130,A,0.7955,6.0,0.8297,9.4152
131,S,0.7955,12.0,0.8151,16.4968
132,E,0.7571,16.9706,0.6687,28.5732
133,T,0.8774,6.0,0.7948,9.4152
134,N,0.8421,6.0,0.8083,9.4152
135,R,0.7444,6.0,0.786,6.0
136,G,0.6368,10.5286,0.7284,9.4152
137,S,0.6368,10.5286,0.7074,14.2866
138,S,0.7771,10.5286,0.7994,14.2866
139,L,0.8505,10.5286,0.8566,20.7846
140,K,0.9265,6.0,0.9429,6.0
141,D,0.9992,16.9706,0.9708,16.4968
142,L,0.9556,12.0,0.8721,16.4968
143,I,0.9118,10.5286,0.8128,11.3393
144,R,0.9325,10.5286,0.8697,9.4152
145,E,0.8254,24.0,0.7943,22.6786
146,G,0.856,6.0,0.7486,6.0
147,C,0.8649,16.9706,0.7952,20.7846
148,Y,0.9788,10.5286,0.8771,16.4968
149,S,0.9741,10.5286,0.8995,20.7846
150,A,0.9299,6.0,0.8817,9.4152
151,K,0.9326,16.9706,0.8401,22.6786
152,I,0.9412,6.0,0.8332,6.0
153,I,0.8905,10.5286,0.8312,14.2866
154,L,0.9286,16.9706,0.8291,14.2866
155,H,0.8476,10.5286,0.775,9.4152
156,L,0.8085,10.5286,0.8004,9.4152
157,D,0.7989,16.9706,0.7461,20.7846
158,N,0.876,6.0,0.8317,6.0
159,S,0.9219,10.5286,0.9093,14.2866
160,K,0.8987,10.5286,0.8899,9.4152
161,Y,0.8814,16.9706,0.8727,28.5732
162,G,0.8741,16.9706,0.8864,20.7846
163,A,0.9242,6.0,0.8736,6.0
164,Y,0.9383,12.0,0.8325,16.4968
165,Q,0.96,16.9706,0.7748,22.6786
166,Q,0.918,16.9706,0.6796,16.8238
167,G,0.918,24.0,0.6708,26.7061
168,I,0.9509,12.0,0.7051,16.4968
169,F,0.893,10.5286,0.7186,12.0
170,G,0.7781,6.0,0.7147,9.4152
171,N,0.7829,16.9706,0.6907,16.4968
172,E,0.6948,10.5286,0.6803,14.2866
173,I,0.7905,6.0,0.7428,6.0
174,I,0.9101,24.0,0.8503,28.5732
175,V,0.9755,12.0,0.8153,12.0
176,E,0.9393,12.0,0.6586,12.0
177,R,0.927,12.0,0.7024,12.0
178,I,0.8514,16.9706,0.7384,22.6786
179,I,0.8787,6.0,0.8143,9.4152
180,K,0.8922,16.9706,0.8522,28.5732
181,R,0.9635,16.9706,0.9105,21.1967
182,D,0.9422,10.5286,0.9237,14.2866
183,G,0.9544,6.0,0.9483,9.4152
184,P,0.9958,10.5286,0.9575,9.4152
185,A,0.9581,16.9706,0.9473,16.4968
186,S,0.9348,10.5286,0.9355,16.4968
187,F,0.9625,10.5286,0.9335,9.4152
188,S,0.9975,16.9706,0.9805,20.7846
189,L,0.8939,6.0,0.8975,9.4152
190,R,0.8568,12.0,0.8342,11.3393
191,S,0.6841,6.0,0.7755,6.0
192,E,0.3599,16.9706,0.6741,22.6786
193,N,0.6723,16.9706,0.6717,18.0
194,G,0.5686,6.0,0.6207,9.4152
195,K,0.5686,16.9706,0.7304,28.5732
196,E,0.5839,10.5286,0.7154,14.2866
197,I,0.7133,12.0,0.6979,11.3393
198,S,0.7956,6.0,0.7092,6.0
199,N,0.898,10.5286,0.8734,16.4968
200,K,0.9353,12.0,0.8361,11.3393
201,K,0.8934,10.5286,0.8054,9.4152
202,K,0.9556,16.9706,0.8208,20.7846
203,D,0.9988,10.5286,0.9056,11.3393
204,I,0.9956,10.5286,0.9485,14.2866
205,Q,0.9954,16.9706,0.9342,22.6786
206,T,0.9976,16.9706,0.9248,20.7846
207,V,0.9844,10.5286,0.9364,9.4152
208,V,0.987,16.9706,0.9775,16.4968
209,D,0.9644,6.0,0.9509,9.4152
210,Y,0.9379,10.5286,0.931,14.2866
211,F,0.9385,10.5286,0.9403,9.4152
212,S,0.9195,16.9706,0.9234,16.4968
213,V,0.8876,16.9706,0.92,14.2866
214,P,0.9195,10.5286,0.9196,14.2866
215,V,0.8699,10.5286,0.9012,14.2866
216,S,0.8366,10.5286,0.8833,11.3393
217,N,0.8247,6.0,0.8712,6.0
218,P,0.8587,6.0,0.8637,6.0
219,M,0.8339,12.0,0.8517,16.4968
220,C,0.8538,16.9706,0.8597,20.7846
221,F,0.8538,16.9706,0.8597,20.7846
222,L,0.8789,6.0,0.8685,9.4152
223,S,0.92,10.5286,0.8974,11.3393
224,Q,0.9048,6.0,0.9048,6.0
225,D,0.8885,12.0,0.8833,12.0
226,A,0.8994,16.9706,0.8445,20.7846
227,A,0.8949,12.0,0.8252,11.3393
228,R,0.8949,12.0,0.8252,12.0
229,S,0.9733,10.5286,0.9244,16.4968
230,F,0.9865,6.0,0.9007,6.0
231,L,0.987,6.0,0.9284,6.0
232,T,0.9873,16.9706,0.9684,20.7846
233,A,0.9969,16.9706,0.9275,16.4968
234,S,0.9917,12.0,0.9494,16.4968
235,T,0.9863,16.9706,0.9606,20.7846
236,S,0.985,16.9706,0.9441,16.4968
237,Q,0.969,16.9706,0.9391,28.5732
238,D,0.9903,10.5286,0.9824,14.2866
239,K,0.9917,6.0,0.9715,9.4152
240,Y,0.9934,6.0,0.9651,6.0
241,S,0.9624,16.9706,0.8998,14.2866
242,H,0.9802,16.9706,0.8716,16.4968
243,F,0.9773,6.0,0.9459,9.4152
244,M,0.9756,6.0,0.9597,9.4152
245,K,0.993,6.0,0.9565,9.4152
246,G,0.9987,12.0,0.8995,16.4968
247,T,0.9996,10.5286,0.947,9.4152
248,L,0.9878,10.5286,0.9522,14.2866
249,L,0.9882,6.0,0.9574,6.0
250,Q,0.9467,16.9706,0.9295,14.2866
251,E,0.881,10.5286,0.9125,14.2866
252,I,0.9694,16.9706,0.9482,16.4968
253,T,0.9148,16.9706,0.9361,20.7846
254,E,0.8363,6.0,0.8884,9.4152
255,N,0.9559,12.0,0.9503,16.4968
256,L,0.91,10.5286,0.9258,9.4152
257,L,0.949,10.5286,0.9399,14.2866
258,Y,0.9407,10.5286,0.9544,14.2866
259,A,0.907,10.5286,0.9323,14.2866
260,S,0.9638,16.9706,0.9645,20.7846
261,A,0.9662,16.9706,0.9728,20.7846
262,I,0.9921,16.9706,0.9635,20.7846
263,H,0.9921,16.9706,0.969,16.4968
264,D,0.9624,16.9706,0.9798,22.6786
265,S,0.9721,16.9706,0.9771,20.7846
266,A,0.9685,10.5286,0.9733,14.2866
267,Q,0.9747,10.5286,0.9718,20.7846
268,E,0.9796,10.5286,0.9753,20.7846
269,N,0.9611,16.9706,0.9355,20.7846
270,M,0.9939,16.9706,0.9866,20.7846
271,A,0.9973,24.0,0.9841,36.0
272,L,0.9962,16.9706,0.9736,18.0
273,H,0.9991,16.9706,0.9574,16.4968
274,L,0.9893,16.9706,0.9749,22.6786
275,E,0.9919,10.5286,0.9621,9.4152
276,N,0.9796,16.9706,0.876,20.7846
277,L,0.9665,10.5286,0.8849,9.4152
278,K,0.8594,16.9706,0.7871,28.5732
279,S,0.9545,16.9706,0.8978,20.7846
280,L,0.9492,6.0,0.8422,9.4152
281,K,0.9819,10.5286,0.9575,14.2866
282,A,0.9663,16.9706,0.9645,22.6786
283,E,0.9879,16.9706,0.9607,22.6786
284,Y,0.989,16.9706,0.9855,20.7846
285,E,0.9738,16.9706,0.976,28.5732
286,D,0.9627,10.5286,0.9666,20.7846
287,A,0.9356,16.9706,0.91,20.7846
288,K,0.948,12.0,0.929,11.3393
289,K,0.9943,16.9706,0.952,20.7846
290,L,0.9763,12.0,0.9246,11.3393
291,L,0.9674,16.9706,0.9177,20.7846
292,R,0.9823,16.9706,0.8887,20.7846
293,E,0.9768,24.0,0.7795,28.5732
294,L,0.9744,16.9706,0.8961,16.4968
295,N,0.9462,16.9706,0.909,20.7846
296,Q,0.9311,16.9706,0.9243,28.5732
297,T,0.938,12.0,0.9351,16.4968
298,S,0.9269,10.5286,0.9375,16.4968
299,D,0.9347,16.9706,0.8839,28.5732
300,L,0.9533,12.0,0.8824,16.4968
301,N,0.9992,16.9706,0.9346,14.2866
302,E,0.9703,16.9706,0.9379,16.4968
303,R,0.9538,16.9706,0.9137,22.6786
304,K,0.973,10.5286,0.922,14.2866
305,M,0.919,10.5286,0.8602,14.2866
306,L,0.9506,24.0,0.9092,36.0
307,L,0.8678,10.5286,0.8441,14.2866
308,Q,0.8678,10.5286,0.8385,9.4152
309,A,0.9409,16.9706,0.8839,28.5732
310,K,0.9559,10.5286,0.9562,11.3393
311,S,0.8544,10.5286,0.8939,14.2866
312,L,0.9097,16.9706,0.8266,14.2866
313,W,0.8342,6.0,0.796,9.4152
314,I,0.9341,10.5286,0.7992,9.4152
315,D,0.9399,16.9706,0.8515,28.5732
316,V,0.8939,6.0,0.8617,9.4152
317,A,0.8587,16.9706,0.7343,22.6786
318,H,0.8401,10.5286,0.7275,9.4152
319,N,0.7992,16.9706,0.7266,22.6786
320,T,0.7783,10.5286,0.6152,9.4152
321,D,0.9341,12.0,0.6435,9.4152
322,A,0.9124,12.0,0.6948,20.7846
323,C,0.8528,12.0,0.7296,16.4968
324,K,0.8241,12.0,0.7217,22.6786
325,N,0.9131,16.9706,0.7893,22.6786
326,L,0.9249,10.5286,0.8069,16.4968
327,E,0.9437,12.0,0.784,22.6786
328,N,0.9756,16.9706,0.8169,22.6786
329,E,0.9979,12.0,0.8845,20.7846
330,I,0.9785,16.9706,0.916,18.0
331,S,0.9961,16.9706,0.9703,14.2866
332,G,0.981,16.9706,0.9695,20.7846
333,I,0.9792,16.9706,0.919,22.6786
334,Q,0.9425,10.5286,0.8851,14.2866
335,Q,0.9615,10.5286,0.8062,28.5732
336,K,0.9472,12.0,0.6359,16.4968
337,V,0.8785,10.5286,0.7218,16.4968
338,D,0.8501,16.9706,0.7697,28.5732
339,E,0.8698,10.5286,0.6848,16.4968
340,V,0.9492,10.5286,0.7366,20.7846
341,T,0.981,16.9706,0.8453,14.2866
342,E,0.9799,16.9706,0.7491,20.7846
343,K,0.997,10.5286,0.8054,6.0
344,I,0.999,16.9706,0.6989,16.4968
345,R,0.9656,16.9706,0.6596,16.4968
346,N,0.9499,16.9706,0.7073,28.5732
347,R,0.9499,10.5286,0.7329,22.6786
348,Q,0.8885,10.5286,0.7113,11.3393
349,E,0.8501,16.9706,0.7243,16.4968
350,K,0.82,10.5286,0.7842,20.7846
351,I,0.8003,16.9706,0.8702,12.0
352,E,0.8515,10.5286,0.8511,20.7846
353,R,0.8714,16.9706,0.8272,11.3393
354,Y,0.9074,10.5286,0.9023,20.7846
355,T,0.9478,16.9706,0.9473,16.4968
356,S,0.9818,16.9706,0.8926,22.6786
357,D,0.9886,16.9706,0.9261,9.4152
358,G,0.9909,16.9706,0.8523,20.7846
359,T,0.9837,16.9706,0.8626,28.5732
360,T,0.9659,16.9706,0.8952,11.4382
361,I,0.9632,16.9706,0.8603,15.7244
362,E,0.8915,16.9706,0.8396,15.7244
363,A,0.8846,10.5286,0.8471,11.4382
364,Q,0.9235,16.9706,0.8301,12.4805
365,I,0.9414,16.9706,0.9378,20.7846
366,D,0.8753,10.5286,0.925,12.0
367,A,0.9023,10.5286,0.8868,20.7846
368,K,0.8213,16.9706,0.8727,20.7846
369,V,0.7873,10.5286,0.8788,14.2866
370,I,0.7824,16.9706,0.9299,20.7846
371,Y,0.8414,10.5286,0.9369,14.2866
372,V,0.8475,8.4853,0.9338,20.7846
373,N,0.9446,10.5286,0.9594,8.088
374,E,0.9774,16.9706,0.9642,20.7846
375,K,0.9951,16.9706,0.931,28.5732
376,D,0.9587,16.9706,0.8485,22.6786
377,S,0.9839,12.0,0.896,22.6786
378,E,0.986,6.0,0.8347,9.4152
379,H,0.9912,16.9706,0.8792,28.5732
380,Q,0.9845,16.9706,0.9098,20.7846
381,N,0.9633,16.9706,0.9518,28.5732
382,A,0.9896,16.9706,0.9842,20.7846
383,R,0.9999,16.9706,0.9814,20.7846
384,E,0.9914,16.9706,0.9524,28.5732
385,L,0.979,16.9706,0.9281,20.7846
386,L,0.9688,24.0,0.8644,36.0
387,R,0.9422,12.0,0.8809,16.4968
388,D,0.9117,12.0,0.8468,12.0
389,V,0.9208,16.9706,0.7808,14.2866
390,K,0.946,16.9706,0.8414,28.5732
391,S,0.969,16.9706,0.914,14.2866
392,R,0.997,10.5286,0.8944,9.4152
393,F,0.9873,10.5286,0.8784,14.2866
394,E,0.9007,10.5286,0.7818,14.2866
395,K,0.8242,8.4853,0.7378,8.088
396,E,0.7386,8.4853,0.6564,8.088
397,K,0.7366,8.4853,0.6266,8.088
398,S,0.6742,8.4853,0.5232,8.088
399,N,0.7483,8.4853,0.616,8.088
400,Q,0.8291,8.4853,0.6973,8.088
401,A,0.8348,8.4853,0.7656,8.088
402,E,0.9157,10.5286,0.8711,14.2866
403,A,0.9807,12.0,0.9502,16.4968
404,Q,0.9972,10.5286,0.9821,14.2866
405,S,0.9728,12.0,0.9684,16.4968
406,N,0.9699,16.9706,0.9659,20.7846
407,I,0.9656,16.9706,0.9272,28.5732
408,D,0.926,6.0,0.8726,6.0
409,Q,0.9682,10.5286,0.8814,20.7846
410,G,0.9737,16.9706,0.8234,20.7846
411,R,0.969,12.0,0.8559,22.6786
412,K,0.9762,10.5286,0.8601,14.2866
413,K,0.9731,16.9706,0.7968,28.5732
414,V,0.9438,16.9706,0.7556,14.2866
415,D,0.9155,16.9706,0.868,22.6786
416,A,0.9576,10.5286,0.9317,11.3393
417,L,0.915,10.5286,0.8695,11.3393
418,N,0.9312,16.9706,0.9501,20.7846
419,K,0.8926,10.5286,0.8659,14.2866
420,T,0.9472,24.0,0.8971,20.7846
421,I,0.858,10.5286,0.8374,14.2866
422,A,0.8428,24.0,0.7774,22.6786
423,H,0.8328,16.9706,0.6706,28.5732
424,L,0.8221,10.5286,0.6853,14.2866
425,E,0.9112,16.9706,0.6765,22.6786
426,E,0.9486,10.5286,0.7381,9.4152
427,E,0.8612,24.0,0.7509,22.6786
428,L,0.9635,8.4853,0.8818,8.088
429,T,0.9457,16.9706,0.9589,28.5732
430,K,0.9931,10.5286,0.9119,14.2866
431,E,0.9598,16.9706,0.8503,20.7846
432,M,0.9894,24.0,0.8235,28.5732
433,G,0.9889,16.9706,0.9157,28.5732
434,G,0.9349,16.9706,0.8196,22.6786
435,D,0.8914,16.9706,0.7136,22.6786
436,K,0.861,16.9706,0.6163,22.6786
437,D,0.8683,16.9706,0.7022,28.5732
438,Q,0.978,24.0,0.7715,20.7846
439,M,0.9667,16.9706,0.7899,28.5732
440,R,0.7973,16.9706,0.6947,16.4968
441,Q,0.8524,10.5286,0.798,11.3393
442,E,0.7842,6.0,0.7384,14.2866
443,L,0.8212,16.9706,0.8671,14.2866
444,E,0.6866,10.5286,0.7816,20.7846
445,Q,0.7886,10.5286,0.8207,9.4152
446,L,0.7567,12.0,0.8213,12.2379
447,E,0.8855,16.9706,0.868,16.8238
448,K,0.8774,16.9706,0.855,15.4188
449,A,0.8855,10.5286,0.824,10.5983
450,N,0.9203,10.5286,0.8273,10.5983
451,E,0.9551,10.5286,0.8452,10.5983
452,K,0.8991,10.5286,0.8177,10.5983
453,L,0.974,12.0,0.8558,16.8238
454,R,0.9323,16.9706,0.8369,15.4188
455,E,0.9623,16.9706,0.8376,15.4188
456,V,0.9588,16.9706,0.8633,15.4188
457,N,0.9469,16.9706,0.8873,16.8238
458,N,0.9355,12.0,0.9269,16.8238
459,S,0.9283,24.0,0.9437,21.1967
460,L,0.8682,8.4853,0.8793,8.6535
461,V,0.77,12.0,0.7694,10.9027
462,V,0.8011,12.0,0.7135,10.9027
463,S,0.7701,12.0,0.6311,10.9027
464,L,0.846,8.4853,0.6464,8.6535
465,Q,0.8403,12.0,0.6378,10.9027
466,D,0.8239,12.0,0.6219,10.9027
467,V,0.6368,16.9706,0.6999,16.8238
468,K,0.6128,16.9706,0.6952,21.1967
469,N,0.6769,16.9706,0.685,21.1967
470,E,0.6412,10.5286,0.6544,10.5983
471,E,0.6619,16.9706,0.6454,15.4188
472,R,0.7148,24.0,0.6847,21.1967
473,D,0.6759,16.9706,0.6935,21.1967
474,I,0.7608,12.0,0.6935,16.4968
475,Q,0.9074,24.0,0.7989,22.6786
476,H,0.9341,10.5286,0.8348,20.7846
477,E,0.9417,16.9706,0.7298,22.6786
478,R,0.8933,8.4853,0.6549,8.088
479,E,0.8342,8.4853,0.6,8.088
480,S,0.731,8.4853,0.5251,8.088
481,E,0.6742,8.4853,0.5232,8.088
482,L,0.6742,8.4853,0.5232,8.088
483,R,0.6742,8.4853,0.5232,8.088
484,T,0.6742,8.4853,0.5232,8.088
485,I,0.6742,8.4853,0.5232,8.088
486,S,0.6976,8.4853,0.5472,8.088
487,R,0.6792,8.4853,0.5303,8.088
488,S,0.8137,8.4853,0.5867,8.088
489,I,0.8917,12.0,0.6727,12.0
490,Q,0.9546,16.9706,0.7816,22.6786
491,N,0.9738,16.9706,0.8441,22.6786
492,K,0.9918,16.9706,0.9361,28.5732
493,K,0.9959,16.9706,0.952,22.6786
494,V,0.9978,16.9706,0.9846,16.4968
495,E,0.9953,16.9706,1.0,20.7846
496,L,0.9795,6.0,0.9726,9.4152
497,Q,0.9651,10.5286,0.9783,14.2866
498,N,0.9103,16.9706,0.9257,20.7846
499,I,0.9117,10.5286,0.9445,14.2866
500,A,0.9263,16.9706,0.9509,28.5732
501,K,0.9634,10.5286,0.9786,20.7846
502,G,0.8989,16.9706,0.9003,20.7846
503,N,0.898,16.9706,0.8697,14.2866
504,D,0.9105,16.9706,0.8965,20.7846
505,T,0.9588,10.5286,0.8832,9.4152
506,F,0.9576,16.9706,0.8854,20.7846
507,L,0.9513,10.5286,0.9018,14.2866
508,M,0.884,16.9706,0.8177,20.7846
509,N,0.966,16.9706,0.9199,20.7846
510,F,0.969,6.0,0.8873,6.0
511,D,0.935,10.5286,0.816,9.4152
512,R,0.8721,16.9706,0.8044,28.5732
513,N,0.8406,10.5286,0.7809,11.3393
514,M,0.8406,12.0,0.7974,11.3393
515,D,0.8498,10.5286,0.7937,14.2866
516,R,0.8162,16.9706,0.7902,20.7846
517,L,0.9475,6.0,0.9241,9.4152
518,L,0.9464,6.0,0.9438,6.0
519,R,0.9823,16.9706,0.9819,28.5732
520,T,0.9744,16.9706,0.9464,20.7846
521,I,0.958,6.0,0.9451,6.0
522,E,0.9708,16.9706,0.9187,20.7846
523,Q,0.9443,12.0,0.9327,21.1967
524,R,0.9315,6.0,0.7493,14.2866
525,K,0.9196,24.0,0.634,28.5732
526,N,0.9189,24.0,0.4378,28.5732
527,E,0.7096,24.0,0.2747,20.7846
528,F,0.7743,6.0,0.479,6.0
529,E,0.7888,16.9706,0.6533,22.6786
530,T,0.9239,16.9706,0.7631,22.6786
531,P,0.9284,12.0,0.8494,16.4968
532,A,0.9284,10.5286,0.8494,9.4152
533,I,0.9146,16.9706,0.9211,18.0
534,G,0.9978,6.0,0.9054,6.0
535,P,0.9053,6.0,0.7662,6.0
536,L,0.8819,10.5286,0.7826,9.4152
537,G,0.9383,6.0,0.8379,6.0
538,S,0.9507,16.9706,0.8325,16.4968
539,L,0.9429,16.9706,0.8405,16.4968
540,V,0.9403,16.9706,0.9028,14.2866
541,T,0.9669,12.0,0.9256,12.0
542,I,0.9906,16.9706,0.9355,14.2866
543,R,0.9775,10.5286,0.8973,16.4968
544,K,0.9641,16.9706,0.8562,14.2866
545,G,0.961,8.4853,0.7941,8.088
546,F,0.893,8.4853,0.7599,8.088
547,E,0.9026,16.9706,0.67,16.4968
548,K,0.8972,12.0,0.7191,12.0
549,W,0.9385,12.0,0.7988,12.0
550,T,0.9184,16.9706,0.805,14.2866
551,R,0.9262,10.5286,0.7982,14.2866
552,S,0.9093,16.9706,0.8355,20.7846
553,I,0.9956,6.0,0.8517,11.3393
554,Q,0.9696,10.5286,0.8922,9.4152
555,R,0.9954,12.0,0.9018,16.4968
556,A,0.9847,16.9706,0.88,14.2866
557,I,0.988,10.5286,0.8525,11.3393
558,S,0.9912,16.9706,0.9157,16.4968
559,S,0.9912,16.9706,0.8734,16.4968
560,S,0.9851,16.9706,0.8683,14.2866
561,L,0.9601,10.5286,0.828,20.7846
562,N,0.958,12.0,0.8914,16.4968
563,A,0.9406,10.5286,0.9161,14.2866
564,F,0.9396,12.0,0.8879,11.3393
565,V,0.9419,16.9706,0.8806,20.7846
566,V,0.9975,12.0,0.9491,11.3393
567,S,0.9915,16.9706,0.919,22.6786
568,N,0.9953,10.5286,0.9276,11.3393
569,P,0.9899,10.5286,0.9234,9.4152
570,K,0.9682,16.9706,0.9714,28.5732
571,D,0.9537,6.0,0.9456,6.0
572,N,0.9186,16.9706,0.8783,20.7846
573,R,0.9899,10.5286,0.992,14.2866
574,L,0.9928,16.9706,0.9656,22.6786
575,F,0.9829,10.5286,0.9449,9.4152
576,R,0.9887,16.9706,0.9311,16.4968
577,D,0.8705,24.0,0.7832,28.5732
578,I,0.8758,10.5286,0.8367,12.0
579,M,0.9403,6.0,0.7998,9.4152
580,R,0.9455,12.0,0.9048,22.6786
581,S,0.959,24.0,0.8827,22.6786
582,C,0.943,16.9706,0.8549,28.5732
583,G,0.936,16.9706,0.79,20.7846
584,I,0.9387,24.0,0.8007,22.6786
585,R,0.9258,10.5286,0.7538,9.4152
586,S,0.9714,16.9706,0.7569,14.2866
587,N,0.9918,24.0,0.7237,22.6786
588,I,0.9865,10.5286,0.717,9.4152
589,P,0.9478,16.9706,0.7338,14.2866
590,I,0.9187,10.5286,0.8544,9.4152
591,V,0.9684,16.9706,0.8877,28.5732
592,T,0.9738,16.9706,0.8795,16.4968
593,Y,0.9922,12.0,0.9612,16.4968
594,C,0.9954,12.0,0.9712,28.5732
595,L,0.9855,16.9706,0.9571,28.5732
596,S,0.9763,16.9706,0.9889,28.5732
597,Q,0.9531,24.0,0.9618,28.5732
598,F,0.8909,12.0,0.9523,9.4152
599,D,0.7941,6.0,0.9378,14.2866
600,Y,0.7876,12.0,0.9379,15.4188
601,S,0.7134,12.0,0.9357,15.4188
602,K,0.8223,16.9706,0.9085,15.4188
603,G,0.8867,12.0,0.8863,16.4968
604,R,0.924,16.9706,0.8731,22.6786
605,A,0.9495,16.9706,0.9214,22.6786
606,H,0.9459,10.5286,0.8907,14.2866
607,G,0.9607,16.9706,0.9093,16.4968
608,N,0.9512,24.0,0.9178,20.7846
609,Y,0.9428,12.0,0.9031,16.4968
610,P,0.9401,6.0,0.8885,9.4152
611,T,0.9494,6.0,0.8571,9.4152
612,I,0.9958,10.5286,0.8299,11.3393
613,V,0.9366,10.5286,0.8546,14.2866
614,D,0.883,16.9706,0.8871,20.7846
615,A,0.9383,10.5286,0.875,14.2866
616,L,0.9875,10.5286,0.9094,9.4152
617,E,0.9822,10.5286,0.8696,11.3393
618,F,0.9763,12.0,0.7774,12.0
619,S,0.9771,10.5286,0.7752,11.3393
620,K,0.971,16.9706,0.7722,22.6786
621,P,0.9626,16.9706,0.7815,16.4968
622,E,0.9685,12.0,0.8766,16.4968
623,I,0.9835,10.5286,0.8293,9.4152
624,E,0.9621,16.9706,0.8452,28.5732
625,C,0.93,16.9706,0.882,14.2866
626,L,0.9377,16.9706,0.8325,28.5732
627,F,0.9587,10.5286,0.9063,14.2866
628,V,0.9713,10.5286,0.9003,9.4152
629,D,0.9314,10.5286,0.9069,9.4152
630,L,0.9051,16.9706,0.9178,20.7846
631,S,0.8839,16.9706,0.8983,16.4968
632,R,0.9401,16.9706,0.9238,20.7846
633,I,0.9657,6.0,0.9324,9.4152
634,E,0.9504,6.0,0.904,6.0
635,R,0.8594,16.9706,0.8479,20.7846
636,I,0.9953,16.9706,0.8905,22.6786
637,V,0.954,10.5286,0.8736,14.2866
638,L,0.9044,6.0,0.7455,9.4152
639,I,0.9207,6.0,0.6098,6.0
640,E,0.9196,12.0,0.5553,12.0
641,D,0.8323,12.0,0.3756,16.4968
642,K,0.8323,16.9706,0.3994,16.4968
643,N,0.8642,16.9706,0.5522,28.5732
644,E,0.9556,12.0,0.5342,11.3393
645,A,0.9639,6.0,0.6492,6.0
646,R,0.9826,10.5286,0.794,14.2866
647,N,0.9933,10.5286,0.8529,16.4968
648,F,0.9969,16.9706,0.9327,28.5732
649,L,0.9784,10.5286,0.948,9.4152
650,Q,0.9359,10.5286,0.9021,14.2866
651,R,0.9203,12.0,0.8512,16.4968
652,N,0.934,16.9706,0.8035,22.6786
653,P,0.9492,10.5286,0.8191,9.4152
654,V,0.9569,16.9706,0.8777,28.5732
655,N,0.9535,6.0,0.8895,6.0
656,V,0.9355,12.0,0.9128,16.4968
657,N,0.9361,16.9706,0.9541,20.7846
658,M,0.914,12.0,0.9393,20.7846
659,A,0.8826,12.0,0.9258,9.4152
660,L,0.8105,8.4853,0.8635,16.4968
661,S,0.8005,12.0,0.7859,14.2866
662,L,0.7269,12.0,0.7116,16.4968
663,R,0.7164,8.4853,0.7302,14.2866
664,D,0.8046,12.0,0.6558,10.9027
665,R,0.7778,8.4853,0.626,8.6535
666,R,0.7407,12.0,0.6085,10.9027
667,S,0.8257,16.9706,0.5993,10.9027
668,G,0.8475,12.0,0.5962,8.6535
669,F,0.9401,6.0,0.6172,8.6535
670,Q,0.9289,16.9706,0.6191,10.9027
671,L,0.9462,16.9706,0.6874,10.9027
672,S,0.9938,16.9706,0.7296,10.9027
673,G,0.9844,10.5286,0.7715,9.4152
674,G,0.9869,16.9706,0.7805,20.7846
675,Y,0.9969,10.5286,0.7897,9.4152
676,R,0.9826,12.0,0.8074,16.4968
677,L,0.9168,16.9706,0.7659,22.6786
678,D,0.8567,16.9706,0.6691,20.7846
679,T,0.8612,10.5286,0.6729,16.4968
680,V,0.7888,8.4853,0.6492,8.088
681,T,0.7036,8.4853,0.6373,8.088
682,Y,0.6742,8.4853,0.6622,8.088
683,Q,0.6742,8.4853,0.695,10.9027
684,D,0.6742,8.4853,0.7084,10.9027
685,K,0.6742,8.4853,0.7142,10.9027
686,I,0.7682,8.4853,0.7881,10.9027
687,R,0.8648,8.4853,0.8593,10.9027
688,L,0.9403,8.4853,0.8783,10.9027
689,K,0.9776,16.9706,0.8535,14.2866
690,V,0.97,16.9706,0.8467,20.7846
691,N,0.9535,16.9706,0.8356,14.2866
692,S,0.8943,10.5286,0.7727,9.4152
693,S,0.9285,10.5286,0.8606,14.2866
694,S,0.9739,16.9706,0.8751,28.5732
695,D,0.9756,24.0,0.8345,28.5732
696,N,0.9808,12.0,0.8511,22.6786
697,G,0.9897,10.5286,0.8178,9.4152
698,T,0.9837,10.5286,0.843,20.7846
699,Q,0.9817,16.9706,0.8865,22.6786
700,Y,0.961,16.9706,0.8796,20.7846
701,L,0.9842,10.5286,0.7996,14.2866
702,K,0.943,16.9706,0.6916,20.7846
703,D,0.9112,16.9706,0.8768,16.4968
704,L,0.9014,16.9706,0.9636,20.7846
705,I,0.8146,12.0,0.9783,16.4968
706,E,0.8947,12.0,0.9673,12.0
707,Q,0.9294,16.9706,0.9469,22.6786
708,E,0.947,6.0,0.9066,9.4152
709,T,0.9503,16.9706,0.9399,20.7846
710,K,0.9683,12.0,0.949,16.4968
711,E,0.8758,16.9706,0.8987,28.5732
712,L,0.9076,6.0,0.9187,6.0
713,Q,0.8977,16.9706,0.9315,20.7846
714,N,0.9347,16.9706,0.9081,28.5732
715,I,0.9506,16.9706,0.9355,16.4968
716,R,0.9049,24.0,0.9106,28.5732
717,D,0.8803,16.9706,0.7777,20.7846
718,R,0.9147,16.9706,0.7684,20.7846
719,Y,0.9242,12.0,0.6703,22.6786
720,E,0.9277,16.9706,0.7469,21.1967
721,E,0.9119,16.9706,0.7461,21.1967
722,K,0.8919,24.0,0.657,28.5732
723,L,0.8703,16.9706,0.6087,28.5732
724,S,0.9708,24.0,0.8128,28.5732
725,E,0.9854,24.0,0.9352,28.5732
726,V,0.9602,16.9706,0.9138,20.7846
727,R,0.9013,10.5286,0.8952,14.2866
728,S,0.8791,16.9706,0.8872,20.7846
729,R,0.9116,16.9706,0.8928,15.4188
730,L,0.9465,10.5286,0.8237,15.4188
731,K,0.9364,16.9706,0.7642,21.1967
732,E,0.8692,16.9706,0.7256,21.1967
733,I,0.9633,12.0,0.8396,16.8238
734,D,0.9914,10.5286,0.9249,12.2379
735,G,0.9893,16.9706,0.9348,20.7846
736,R,0.9883,16.9706,0.9335,14.2866
737,L,0.9912,16.9706,0.8934,16.4968
738,K,0.9581,6.0,0.9234,9.4152
739,S,0.938,16.9706,0.9417,28.5732
740,T,0.825,16.9706,0.8553,20.7846
741,K,0.7598,10.5286,0.8,14.2866
742,N,0.8455,16.9706,0.8393,28.5732
743,E,0.9294,10.5286,0.928,16.4968
744,M,0.9367,10.5286,0.8806,9.4152
745,R,0.9748,16.9706,0.8287,16.4968
746,K,0.9748,16.9706,0.8759,28.5732
747,T,0.9376,16.9706,0.7417,22.6786
748,N,0.9626,16.9706,0.7302,28.5732
749,F,0.9864,16.9706,0.7845,22.6786
750,R,0.9864,16.9706,0.7493,28.5732
751,M,0.9722,16.9706,0.7824,22.6786
752,T,0.9156,10.5286,0.7538,14.2866
753,E,0.9008,10.5286,0.7982,16.4968
754,L,0.9108,12.0,0.7814,16.4968
755,K,0.8116,10.5286,0.7665,14.2866
756,M,0.8215,10.5286,0.7784,20.7846
757,N,0.8026,10.5286,0.7453,20.7846
758,V,0.8787,16.9706,0.7576,20.7846
759,G,0.884,10.5286,0.8322,14.2866
760,K,0.8975,7.4448,0.865,16.4968
761,V,0.9028,12.0,0.8703,21.1967
762,V,0.9463,12.0,0.8244,21.1967
763,D,0.955,12.0,0.8401,15.4188
764,T,0.9743,10.5286,0.7613,8.088
765,G,0.9242,16.9706,0.6553,8.088
766,I,0.8494,16.9706,0.5666,8.088
767,L,0.8167,16.9706,0.6015,8.088
768,N,0.9006,10.5286,0.6591,8.088
769,S,0.9033,10.5286,0.6866,8.088
770,K,0.8648,16.9706,0.8278,21.1967
771,I,0.8148,10.5286,0.9369,14.2866
772,N,0.8894,8.4853,0.9465,16.4968
773,E,0.9092,8.4853,0.9412,11.3393
774,R,0.8898,10.5286,0.9563,14.2866
775,K,0.8742,16.9706,0.9304,9.4152
776,N,0.8672,16.9706,0.9298,14.2866
777,Q,0.9351,10.5286,0.7924,14.2866
778,E,0.9627,16.9706,0.8383,20.7846
779,Q,0.9413,16.9706,0.95,28.5732
780,A,0.9822,16.9706,0.9615,14.2866
781,I,0.9807,6.0,0.9271,9.4152
782,A,0.9834,10.5286,0.76,14.2866
783,S,0.9788,10.5286,0.8606,14.2866
784,Y,0.9693,10.5286,0.9505,9.4152
785,E,0.9724,6.0,0.9672,9.4152
786,A,0.9611,16.9706,0.9659,28.5732
787,A,0.982,16.9706,0.953,20.7846
788,K,0.9969,16.9706,0.9758,16.4968
789,E,0.9945,16.9706,0.9084,14.2866
790,E,0.9674,6.0,0.8626,6.0
791,L,0.9376,16.9706,0.8101,20.7846
792,G,0.9491,16.9706,0.7523,28.5732
793,L,0.9804,24.0,0.8958,28.5732
794,K,0.9885,10.5286,0.9235,9.4152
795,I,0.9338,16.9706,0.7611,16.4968
796,E,0.8702,16.9706,0.6998,20.7846
797,Q,0.8777,16.9706,0.6841,22.6786
798,I,0.8855,16.9706,0.6179,16.4968
799,A,0.9349,12.0,0.6853,16.4968
800,Q,0.9531,24.0,0.7381,28.5732
801,E,0.9724,24.0,0.7384,20.7846
802,A,0.9697,16.9706,0.7362,22.6786
803,Q,0.9906,12.0,0.819,16.4968
804,P,0.9965,16.9706,0.8608,22.6786
805,I,0.9937,16.9706,0.9205,18.0
806,K,0.9975,6.0,0.9774,9.4152
807,E,0.9846,10.5286,0.9464,14.2866
808,Q,0.6795,10.5286,0.9559,20.7846
809,Y,0.7528,10.5286,0.8898,10.5983
810,D,0.7488,10.5286,0.816,15.4188
811,S,0.7244,16.9706,0.7573,26.7061
812,T,0.7462,16.9706,0.7573,10.5983
813,K,0.8144,10.5286,0.7573,10.5983
814,L,0.9569,16.9706,0.7573,21.1967
815,A,0.9587,16.9706,0.9013,15.4188
816,L,0.9687,12.0,0.8858,12.2379
817,V,0.9819,16.9706,0.8491,16.8238
818,E,0.9837,16.9706,0.8327,16.8238
819,A,0.961,10.5286,0.8301,15.4188
820,Q,0.9474,12.0,0.8553,16.8238
821,D,0.9388,16.9706,0.8487,15.4188
822,E,0.9264,12.0,0.8895,16.8238
823,L,0.8881,12.0,0.8604,12.2379
824,Q,0.9204,16.9706,0.8548,21.1967
825,Q,0.9372,16.9706,0.822,15.4188
826,L,0.9904,6.0,0.7836,10.5983
827,K,0.9887,10.5286,0.7839,10.5983
828,E,0.9315,10.5286,0.7603,12.2379
829,D,0.9256,10.5286,0.7233,12.2379
830,I,0.9549,16.9706,0.8016,15.4188
831,N,0.9906,10.5286,0.8871,15.4188
832,S,0.9397,16.9706,0.8796,15.7244
833,R,0.9291,16.9706,0.9244,15.4188
834,Q,0.9062,16.9706,0.9143,14.2866
835,S,0.9407,10.5286,0.9081,14.2866
836,K,0.8958,16.9706,0.9178,14.2866
837,I,0.8767,12.0,0.9357,14.2866
838,Q,0.7953,12.0,0.9008,14.2866
839,K,0.8489,16.9706,0.9527,21.1967
840,Y,0.8496,12.0,0.9096,21.1967
841,K,0.8843,7.4448,0.8842,10.5983
842,D,0.8899,12.0,0.8728,11.4382
843,D,0.8978,12.0,0.8886,15.7244
844,T,0.8471,12.0,0.8609,15.7244
845,I,0.8505,16.9706,0.8498,26.7061
846,Y,0.8114,12.0,0.8376,15.4188
847,Y,0.7671,7.4448,0.803,10.5983
848,E,0.7573,10.5286,0.7726,9.4152
849,D,0.7185,12.0,0.774,16.4968
850,K,0.7515,10.5286,0.788,9.4152
851,K,0.8416,16.9706,0.7773,28.5732
852,K,0.8756,10.5286,0.8981,14.2866
853,V,0.936,16.9706,0.8454,14.2866
854,Y,0.976,16.9706,0.942,14.2866
855,L,0.9618,10.5286,0.9163,9.4152
856,E,0.9853,12.0,0.8743,16.4968
857,N,0.921,16.9706,0.8314,28.5732
858,I,0.9423,16.9706,0.8275,16.4968
859,K,0.9519,16.9706,0.8801,22.6786
860,K,0.9959,10.5286,0.801,9.4152
861,I,0.9899,12.0,0.839,22.6786
862,E,0.9907,24.0,0.8817,28.5732
863,V,0.9812,10.5286,0.8709,14.2866
864,N,0.9656,10.5286,0.8609,14.2866
865,V,0.8978,16.9706,0.7704,22.6786
866,A,0.8883,16.9706,0.7803,16.4968
867,A,0.973,12.0,0.8508,16.4968
868,L,0.9813,10.5286,0.8715,9.4152
869,K,0.9801,12.0,0.8496,16.4968
870,E,0.9981,16.9706,0.871,22.6786
871,G,0.9854,16.9706,0.8018,20.7846
872,I,0.9386,16.9706,0.721,14.2866
873,Q,0.8666,16.9706,0.6105,16.4968
874,R,0.8201,16.9706,0.6635,28.5732
875,Q,0.8554,16.9706,0.7686,20.7846
876,I,0.8914,16.9706,0.922,22.6786
877,Q,0.972,16.9706,0.9833,14.2866
878,N,0.9978,16.9706,0.9414,16.4968
879,A,0.996,6.0,0.8473,9.4152
880,C,0.9962,16.9706,0.8311,28.5732
881,A,0.995,16.9706,0.9419,28.5732
882,F,0.9933,16.9706,0.9853,14.2866
883,C,0.978,6.0,0.9743,9.4152
884,S,0.9582,12.0,0.9513,15.4188
885,K,0.8987,8.4853,0.9441,8.088
886,E,0.836,8.4853,0.8939,9.4152
887,R,0.8108,8.4853,0.8306,6.0
888,I,0.6884,8.4853,0.7018,8.088
889,E,0.7929,6.0,0.8555,8.088
890,N,0.8042,10.5286,0.8003,8.088
891,V,0.8135,12.0,0.8108,16.4968
892,D,0.9292,16.9706,0.8717,16.4968
893,L,0.9037,10.5286,0.9425,14.2866
894,P,0.9681,24.0,0.9,36.0
895,D,0.9575,16.9706,0.8636,20.7846
896,T,0.9689,10.5286,0.7956,11.3393
897,Q,0.9742,16.9706,0.8251,20.7846
898,E,0.9502,16.9706,0.87,28.5732
899,E,0.9484,12.0,0.8426,16.4968
900,I,0.9662,10.5286,0.8825,14.2866
901,K,0.9315,10.5286,0.8066,14.2866
902,R,0.9519,16.9706,0.8532,22.6786
903,E,0.8875,6.0,0.8722,9.4152
904,L,0.8783,10.5286,0.8791,9.4152
905,D,0.9584,16.9706,0.9286,16.4968
906,K,0.9491,10.5286,0.9473,14.2866
907,V,0.9517,10.5286,0.942,14.2866
908,S,0.9662,16.9706,0.9555,16.4968
909,R,0.9721,16.9706,0.9801,28.5732
910,M,0.9956,16.9706,0.9971,20.7846
911,I,0.984,6.0,0.9907,9.4152
912,Q,0.9772,10.5286,0.9647,20.7846
913,K,0.9784,16.9706,0.9703,21.1967
914,A,0.9253,16.9706,0.8687,15.4188
915,E,0.9582,16.9706,0.942,18.0
916,K,0.9806,16.9706,0.9667,20.7846
917,S,0.9745,10.5286,0.9373,20.7846
918,L,0.9613,16.9706,0.8476,20.7846
919,G,0.9445,6.0,0.8788,6.0
920,L,0.9429,12.0,0.9498,14.6969
921,S,0.9462,12.0,0.9496,16.4968
922,Q,0.879,16.9706,0.8949,20.7846
923,E,0.8971,6.0,0.9021,9.4152
924,E,0.9156,10.5286,0.914,14.2866
925,V,0.9265,16.9706,0.9188,20.7846
926,I,0.9566,16.9706,0.8914,22.6786
927,A,0.9392,24.0,0.94,22.6786
928,L,0.9622,16.9706,0.9774,20.7846
929,F,0.9578,10.5286,0.9773,14.2866
930,E,0.9449,16.9706,0.9531,28.5732
931,K,0.9235,16.9706,0.9382,20.7846
932,C,0.9807,10.5286,0.9343,14.2866
933,R,0.976,10.5286,0.9574,12.0
934,N,0.9956,10.5286,0.9118,14.2866
935,K,0.9908,12.0,0.8799,16.4968
936,Y,0.9767,10.5286,0.9184,14.2866
937,K,0.9745,16.9706,0.9113,22.6786
938,E,0.9358,16.9706,0.8674,20.7846
939,G,0.91,16.9706,0.8948,20.7846
940,Q,0.9797,16.9706,0.9409,22.6786
941,K,0.989,24.0,0.9633,36.0
942,K,0.9956,10.5286,0.9392,11.3393
943,Y,0.9854,10.5286,0.9563,14.2866
944,M,0.9825,16.9706,0.9842,20.7846
945,E,0.9929,16.9706,0.9919,28.5732
946,I,0.961,10.5286,0.9529,11.3393
947,D,0.98,24.0,0.9357,28.5732
948,E,0.9745,24.0,0.9476,28.5732
949,A,0.969,16.9706,0.9158,20.7846
950,L,0.9748,12.0,0.9221,12.0
951,N,0.9208,16.9706,0.8862,20.7846
952,R,0.8937,16.9706,0.8771,20.7846
953,L,0.8833,6.0,0.8937,6.0
954,H,0.8928,16.9706,0.9104,28.5732
955,N,0.8333,10.5286,0.8805,11.3393
956,S,0.8726,16.9706,0.874,20.7846
957,L,0.8726,12.0,0.874,16.4968
958,K,0.9294,24.0,0.9312,28.5732
959,A,0.9253,16.9706,0.9224,22.6786
960,R,0.9647,6.0,0.9551,6.0
961,D,0.9776,24.0,0.8619,28.5732
962,Q,0.9838,16.9706,0.931,14.2866
963,N,0.9731,16.9706,0.9217,28.5732
964,Y,0.9967,10.5286,0.9606,9.4152
965,K,0.9633,16.9706,0.9537,20.7846
966,N,0.9699,16.9706,0.9703,20.7846
967,A,0.9676,10.5286,0.9556,14.2866
968,E,0.929,10.5286,0.9247,14.2866
969,K,0.8623,12.0,0.8886,12.0
970,G,0.824,16.9706,0.8668,20.7846
971,T,0.8279,16.9706,0.8621,16.4968
972,C,0.9109,10.5286,0.9274,14.2866
973,F,0.8669,10.5286,0.9126,11.3393
974,D,0.8773,10.5286,0.9195,14.2866
975,A,0.9092,16.9706,0.9426,20.7846
976,D,0.9396,10.5286,0.9603,14.2866
977,M,0.956,16.9706,0.9561,28.5732
978,D,0.996,16.9706,0.9885,20.7846
979,F,0.9885,6.0,0.9866,6.0
980,R,0.9999,16.9706,0.9673,20.7846
981,A,0.9715,16.9706,0.9377,28.5732
982,S,0.913,16.9706,0.9025,14.2866
983,L,0.913,6.0,0.9025,6.0
984,K,0.9562,10.5286,0.9346,14.2866
985,V,0.9251,10.5286,0.9251,11.3393
986,R,0.9525,6.0,0.903,6.0
987,K,0.9525,16.9706,0.9404,20.7846
988,F,0.9467,12.0,0.94,12.0
989,S,0.9683,16.9706,0.9267,22.6786
990,G,0.9871,6.0,0.9446,6.0
991,N,0.9837,10.5286,0.949,14.2866
992,L,0.9937,12.0,0.9445,16.4968
993,S,0.9678,16.9706,0.8698,20.7846
994,F,0.9709,10.5286,0.8798,9.4152
995,I,0.9901,16.9706,0.8524,14.2866
996,K,0.97,10.5286,0.8263,9.4152
997,D,0.9626,16.9706,0.7677,20.7846
998,T,0.9361,16.9706,0.7618,20.7846
999,K,0.9463,10.5286,0.8207,9.4152
1000,S,0.9862,16.9706,0.8659,14.2866
1001,L,0.9763,6.0,0.8386,6.0
1002,E,0.9739,12.0,0.771,16.4968
1003,I,0.9583,10.5286,0.7462,14.2866
1004,Y,0.989,24.0,0.8966,28.5732
1005,I,0.9883,10.5286,0.9116,9.4152
1006,L,0.9892,16.9706,0.916,14.2866
1007,T,0.9588,10.5286,0.9224,14.2866
1008,T,0.9304,16.9706,0.9289,20.7846
1009,N,0.9837,12.0,0.97,16.4968
1010,D,0.9797,16.9706,0.9611,20.7846
1011,E,0.9997,10.5286,0.9705,14.2866
1012,K,0.9992,10.5286,0.9594,14.2866
1013,A,0.969,6.0,0.9146,6.0
1014,R,0.9554,24.0,0.896,22.6786
1015,N,0.9139,16.9706,0.8918,14.2866
1016,V,0.9537,12.0,0.85,16.4968
1017,D,0.9889,16.9706,0.8407,22.6786
1018,T,0.9912,16.9706,0.8086,22.6786
1019,L,0.9792,6.0,0.8112,6.0
1020,S,0.971,6.0,0.6693,6.0
1021,G,0.9887,6.0,0.6747,6.0
1022,G,0.7426,6.0,0.6229,6.0
1023,E,0.7426,6.0,0.6229,6.0
1024,K,0.8242,12.0,0.8745,11.3393
1025,S,0.9538,6.0,0.879,6.0
1026,F,0.9246,6.0,0.9054,6.0
1027,S,0.8154,10.5286,0.8757,14.2866
1028,Q,0.8512,10.5286,0.8932,9.4152
1029,M,0.8755,16.9706,0.9131,20.7846
1030,A,0.8755,10.5286,0.9113,11.3393
1031,L,0.8067,16.9706,0.8557,16.4968
1032,L,0.8456,12.0,0.888,16.4968
1033,L,0.8487,6.0,0.8777,9.4152
1034,A,0.9561,10.5286,0.8922,9.4152
1035,T,0.935,16.9706,0.8063,14.2866
1036,W,0.9281,6.0,0.7965,6.0
1037,K,0.9576,16.9706,0.7558,16.4968
1038,P,0.9918,16.9706,0.8494,20.7846
1039,M,0.9865,12.0,0.8305,12.0
1040,R,0.9884,16.9706,0.8131,14.2866
1041,S,0.9512,10.5286,0.7582,14.2866
1042,R,0.8928,10.5286,0.8332,9.4152
1043,I,0.8533,16.9706,0.8134,14.2866
1044,I,0.8153,10.5286,0.8104,9.4152
1045,A,0.7505,10.5286,0.7299,14.2866
1046,L,0.7837,6.0,0.8027,9.4152
1047,D,0.6742,6.0,0.7383,6.0
1048,E,0.6742,6.0,0.767,6.0
1049,F,0.8253,6.0,0.8193,6.0
1050,D,0.8253,6.0,0.7249,6.0
1051,V,0.8253,6.0,0.7249,6.0
1052,F,0.9626,12.0,0.7938,12.0
1053,M,0.9626,6.0,0.9289,6.0
1054,D,0.9626,6.0,0.9289,6.0
1055,Q,0.9626,16.9706,0.9289,14.2866
1056,V,0.9164,6.0,0.8174,9.4152
1057,N,0.8978,6.0,0.8441,6.0
1058,R,0.9463,6.0,0.911,6.0
1059,K,0.9754,16.9706,0.9409,16.4968
1060,I,0.9887,10.5286,0.8431,14.2866
1061,G,0.9782,16.9706,0.8334,22.6786
1062,T,0.9592,16.9706,0.8307,14.2866
1063,T,0.9919,16.9706,0.8605,14.2866
1064,L,0.9628,12.0,0.8258,12.0
1065,I,0.964,10.5286,0.8082,16.4968
1066,V,0.9767,12.0,0.8173,12.0
1067,K,0.9759,10.5286,0.9238,20.7846
1068,K,0.9426,16.9706,0.9344,20.7846
1069,L,0.9592,10.5286,0.957,9.4152
1070,K,0.9709,12.0,0.9779,16.4968
1071,D,0.9492,12.0,0.9542,16.4968
1072,I,0.9483,16.9706,0.9538,20.7846
1073,A,0.9446,16.9706,0.9601,20.7846
1074,R,0.9463,16.9706,0.9447,20.7846
1075,T,0.9419,16.9706,0.9175,20.7846
1076,Q,0.9677,6.0,0.9086,6.0
1077,T,0.9555,10.5286,0.9072,9.4152
1078,I,0.8905,6.0,0.8544,6.0
1079,I,0.8905,16.9706,0.7992,16.4968
1080,I,0.8905,12.0,0.7992,16.4968
1081,T,0.801,6.0,0.8313,6.0
1082,P,0.9156,6.0,0.9013,6.0
1083,Q,0.7339,6.0,0.8299,6.0
1084,D,0.8031,12.0,0.8818,22.6786
1085,I,0.7974,10.5286,0.8819,11.3393
1086,G,0.8775,12.0,0.9335,16.4968
1087,K,0.9046,16.9706,0.9615,20.7846
1088,I,0.9183,12.0,0.9543,11.3393
1089,A,0.978,16.9706,0.914,20.7846
1090,D,0.991,8.4853,0.9373,20.7846
1091,I,0.9548,8.4853,0.9461,8.088
1092,D,0.9733,16.9706,0.9654,8.088
1093,S,0.9449,10.5286,0.9597,20.7846
1094,S,0.992,10.5286,0.9696,16.4968
1095,G,0.9846,16.9706,0.986,16.4968
1096,V,1.0,12.0,0.9646,16.4968
1097,S,0.9857,16.9706,0.9569,20.7846
1098,I,0.9831,10.5286,0.9376,11.3393
1099,H,0.994,16.9706,0.989,16.4968
1100,R,0.9884,6.0,0.9597,9.4152
1101,M,0.9383,10.5286,0.788,9.4152
1102,R,0.9403,10.5286,0.7986,20.7846
1103,D,0.7457,6.0,0.7382,9.4152
1104,P,0.8667,6.0,0.8121,9.4152
1105,E,0.9326,10.5286,0.8223,10.5983
1106,R,0.9115,10.5286,0.8242,10.5983
1107,Q,0.9238,16.9706,0.8558,15.4188
1108,N,0.9765,16.9706,0.8985,15.4188
1109,N,0.9512,16.9706,0.9054,15.4188
1110,S,0.9296,16.9706,0.9187,15.4188
1111,N,0.9426,16.9706,0.9149,10.5983
1112,F,0.9426,24.0,0.821,21.1967
1113,Y,0.9426,16.9706,0.821,28.5732
1114,N,0.9426,24.0,0.821,36.0
